time,value
2025-02-11T08:59:24.197147333Z,0
2025-02-11T09:31:28.305655585Z,1.0211181640625
2025-02-11T09:31:29.306260462Z,1.0201416015625
2025-02-11T09:31:32.784948783Z,1.0189208984375
2025-02-11T09:31:32.786169354Z,1.0203857421875
2025-02-11T09:31:32.787353659Z,1.021484375
2025-02-11T09:31:33.596103211Z,1.0181884765625
2025-02-11T09:31:34.846306739Z,1.0196533203125
2025-02-11T09:31:36.885501497Z,1.020751953125
2025-02-11T09:31:36.886773665Z,1.02099609375
2025-02-11T09:31:40.385428767Z,1.02001953125
2025-02-11T09:31:40.386727268Z,1.0205078125
2025-02-11T09:31:40.38836486Z,1.0198974609375
2025-02-11T09:31:40.766335199Z,1.0184326171875
2025-02-11T09:31:43.245058918Z,1.0177001953125
2025-02-11T09:31:43.246522007Z,1.01953125
2025-02-11T09:31:46.925242958Z,1.0191650390625
2025-02-11T09:31:46.926729166Z,1.021484375
2025-02-11T09:31:46.928314705Z,1.022216796875
2025-02-11T09:31:47.315935155Z,1.0205078125
2025-02-11T09:31:49.365446194Z,1.020263671875
2025-02-11T09:31:49.366714808Z,1.019287109375
2025-02-11T09:31:51.006421964Z,1.0206298828125
2025-02-11T09:31:51.676988444Z,1.019775390625
2025-02-11T09:31:53.316501652Z,1.01953125
2025-02-11T09:31:53.913231106Z,1.0230712890625
2025-02-11T09:31:55.105185594Z,1.020751953125
2025-02-11T09:31:56.336087386Z,1.021484375
2025-02-11T09:31:58.385302967Z,1.0186767578125
2025-02-11T09:31:58.386530035Z,1.002197265625
2025-02-11T09:32:01.877183777Z,1.0203857421875
2025-02-11T09:32:01.878738986Z,1.018798828125
2025-02-11T09:32:01.88023237Z,1.018310546875
2025-02-11T09:32:02.486140337Z,1.0164794921875
2025-02-11T09:32:06.005172427Z,1.0185546875
2025-02-11T09:32:06.006380553Z,1.0245361328125
2025-02-11T09:32:06.007746522Z,1.019287109375
2025-02-11T09:32:09.506089169Z,1.01708984375
2025-02-11T09:32:09.508315927Z,1.0205078125
2025-02-11T09:32:09.510309978Z,1.0184326171875
2025-02-11T09:32:09.836520556Z,1.0189208984375
2025-02-11T09:32:11.344353022Z,1.018310546875
2025-02-11T09:32:12.52561262Z,1.0157470703125
2025-02-11T09:32:15.786359049Z,1.0177001953125
2025-02-11T09:32:15.7880176Z,1.0125732421875
2025-02-11T09:32:15.78986442Z,1.0198974609375
2025-02-11T09:32:18.246180551Z,1.0145263671875
2025-02-11T09:32:18.247819968Z,1.01611328125
2025-02-11T09:32:18.638968785Z,1.0167236328125
2025-02-11T09:32:21.937287928Z,1.0115966796875
2025-02-11T09:32:21.938923312Z,1.0123291015625
2025-02-11T09:32:21.940596562Z,1.0126953125
2025-02-11T09:32:23.293279348Z,1.0123291015625
2025-02-11T09:32:23.785689621Z,1.0208740234375
2025-02-11T09:32:26.84541495Z,1.0184326171875
2025-02-11T09:32:26.846840564Z,1.0299072265625
2025-02-11T09:32:27.485264331Z,1.0135498046875
2025-02-11T09:32:30.356216953Z,1.0152587890625
2025-02-11T09:32:30.357536093Z,1.0146484375
2025-02-11T09:32:30.358862492Z,1.014404296875
2025-02-11T09:32:33.821209397Z,1.0162353515625
2025-02-11T09:32:33.822547854Z,1.01708984375
2025-02-11T09:32:33.823898849Z,1.014892578125
2025-02-11T09:32:37.325303882Z,1.0159912109375
2025-02-11T09:32:37.327140044Z,1.015869140625
2025-02-11T09:32:37.328684335Z,1.0159912109375
2025-02-11T09:32:40.165918625Z,1.01611328125
2025-02-11T09:32:40.167812099Z,1.0155029296875
2025-02-11T09:32:40.169827846Z,1.0147705078125
2025-02-11T09:32:43.457214807Z,1.0137939453125
2025-02-11T09:32:43.458624709Z,1.013916015625
2025-02-11T09:32:43.460192805Z,1.012939453125
2025-02-11T09:32:44.666024413Z,1.017333984375
2025-02-11T09:32:45.886528923Z,1.015625
2025-02-11T09:32:48.765430312Z,1.01611328125
2025-02-11T09:32:48.766943388Z,1.0135498046875
2025-02-11T09:32:48.768455475Z,1.015625
2025-02-11T09:32:51.837306167Z,1.015869140625
2025-02-11T09:32:51.838816121Z,1.0155029296875
2025-02-11T09:32:51.840323101Z,1.015625
2025-02-11T09:32:53.676721767Z,1.0177001953125
2025-02-11T09:32:54.305421094Z,1.0164794921875
2025-02-11T09:32:56.577061245Z,1.0159912109375
2025-02-11T09:32:56.578457148Z,1.0155029296875
2025-02-11T09:32:57.156364495Z,1.0155029296875
2025-02-11T09:32:59.425415348Z,1.016357421875
2025-02-11T09:32:59.426887117Z,1.0145263671875
2025-02-11T09:33:02.393184207Z,1.014892578125
2025-02-11T09:33:02.395265365Z,1.015625
2025-02-11T09:33:02.916708911Z,1.013916015625
2025-02-11T09:33:05.565365158Z,1.0169677734375
2025-02-11T09:33:05.566959368Z,1.01416015625
2025-02-11T09:33:05.956076638Z,1.0167236328125
2025-02-11T09:33:09.465277272Z,1.0103759765625
2025-02-11T09:33:09.466785492Z,1.014404296875
2025-02-11T09:33:09.468215709Z,1.0135498046875
2025-02-11T09:33:10.06721725Z,1.0152587890625
2025-02-11T09:33:12.515889368Z,1.015625
2025-02-11T09:33:12.517282895Z,1.015380859375
2025-02-11T09:33:15.405377611Z,1.0150146484375
2025-02-11T09:33:15.406825652Z,1.0135498046875
2025-02-11T09:33:15.805111473Z,1.0128173828125
2025-02-11T09:33:16.615906513Z,1.0135498046875
2025-02-11T09:33:18.064578132Z,1.0133056640625
2025-02-11T09:33:18.665411489Z,1.0164794921875
2025-02-11T09:33:20.096494011Z,1.0118408203125
2025-02-11T09:33:22.357977025Z,1.013916015625
2025-02-11T09:33:22.359551474Z,1.0142822265625
2025-02-11T09:33:25.445441464Z,1.021240234375
2025-02-11T09:33:25.446839992Z,1.0140380859375
2025-02-11T09:33:25.448318787Z,1.0130615234375
2025-02-11T09:33:28.957832889Z,1.0145263671875
2025-02-11T09:33:28.960027473Z,1.0142822265625
2025-02-11T09:33:28.96211609Z,1.0146484375
2025-02-11T09:33:32.405188512Z,1.007080078125
2025-02-11T09:33:32.406678401Z,1.0169677734375
2025-02-11T09:33:32.408309613Z,1.0126953125
2025-02-11T09:33:32.787583763Z,1.0140380859375
2025-02-11T09:33:34.957832883Z,1.015869140625
2025-02-11T09:33:34.959572129Z,1.012939453125
2025-02-11T09:33:37.957350849Z,1.01171875
2025-02-11T09:33:37.958887946Z,1.013427734375
2025-02-11T09:33:38.646854533Z,1.015625
2025-02-11T09:33:40.986384195Z,1.0947265625
2025-02-11T09:33:40.988214214Z,1.0166015625
2025-02-11T09:33:41.396069252Z,1.0157470703125
2025-02-11T09:33:44.265040972Z,1.01708984375
2025-02-11T09:33:44.266418697Z,1.0216064453125
2025-02-11T09:33:44.976313631Z,1.01953125
2025-02-11T09:33:45.696481716Z,1.010986328125
2025-02-11T09:33:48.825337553Z,1.008544921875
2025-02-11T09:33:48.826922896Z,1.0113525390625
2025-02-11T09:33:48.828418137Z,1.01171875
2025-02-11T09:33:52.245308822Z,1.0125732421875
2025-02-11T09:33:52.247433632Z,1.0113525390625
2025-02-11T09:33:52.249552573Z,1.0115966796875
2025-02-11T09:33:55.538310141Z,1.0098876953125
2025-02-11T09:33:55.540286691Z,1.013427734375
2025-02-11T09:33:55.542168933Z,1.01318359375
2025-02-11T09:33:58.413209503Z,1.011962890625
2025-02-11T09:33:58.414736224Z,1.0120849609375
2025-02-11T09:33:59.013455137Z,1.0133056640625
2025-02-11T09:34:01.273417267Z,1.011962890625
2025-02-11T09:34:01.274786264Z,1.0108642578125
2025-02-11T09:34:01.884317728Z,1.0125732421875
2025-02-11T09:34:04.357269506Z,1.01220703125
2025-02-11T09:34:04.359260968Z,1.015380859375
2025-02-11T09:34:07.816162566Z,1.010009765625
2025-02-11T09:34:07.817527502Z,1.0115966796875
2025-02-11T09:34:07.818970409Z,0.966796875
2025-02-11T09:34:08.236448868Z,1.0098876953125
2025-02-11T09:34:09.665155806Z,1.0020751953125
2025-02-11T09:34:10.509370039Z,1.0023193359375
2025-02-11T09:34:13.385369803Z,1.0030517578125
2025-02-11T09:34:13.387271584Z,1.0047607421875
2025-02-11T09:34:13.96514646Z,1.0032958984375
2025-02-11T09:34:16.825190283Z,1.00244140625
2025-02-11T09:34:16.827346679Z,1.0013427734375
2025-02-11T09:34:16.829206965Z,0.9949951171875
2025-02-11T09:34:17.856994885Z,1.00146484375
2025-02-11T09:34:21.345172373Z,1.0028076171875
2025-02-11T09:34:21.346704923Z,1.001220703125
2025-02-11T09:34:21.348245827Z,1.0013427734375
2025-02-11T09:34:22.555882335Z,1.0025634765625
2025-02-11T09:34:23.222045054Z,1.00048828125
2025-02-11T09:34:24.832112996Z,1.0018310546875
2025-02-11T09:34:27.274300252Z,0.9945068359375
2025-02-11T09:34:27.27563246Z,1.007080078125
2025-02-11T09:45:05.52773738Z,1.01171875
2025-02-11T09:45:05.985998855Z,1.0125732421875
2025-02-11T09:45:07.157698348Z,1.0128173828125
2025-02-11T09:45:08.988569775Z,1.0152587890625
2025-02-11T09:45:09.426837047Z,1.01220703125
2025-02-11T09:45:10.47790048Z,1.013671875
2025-02-11T09:45:11.657881314Z,1.014892578125
2025-02-11T09:45:12.678084688Z,1.0152587890625
2025-02-11T09:45:13.918825064Z,1.014892578125
2025-02-11T09:45:14.827693382Z,1.013427734375
2025-02-11T09:45:16.07745007Z,1.0159912109375
2025-02-11T09:45:17.19773855Z,1.0133056640625
2025-02-11T09:45:18.008601725Z,1.0133056640625
2025-02-11T09:45:19.026182381Z,1.013427734375
2025-02-11T09:45:20.457811647Z,1.0125732421875
2025-02-11T09:45:21.205696805Z,1.01171875
2025-02-11T09:45:22.327858892Z,1.016357421875
2025-02-11T09:45:23.527730286Z,1.0069580078125
2025-02-11T09:45:24.158134544Z,1.0142822265625
2025-02-11T09:45:25.815916184Z,1.0125732421875
2025-02-11T09:45:26.807954941Z,1.0150146484375
2025-02-11T09:45:27.62797175Z,1.012939453125
2025-02-11T09:45:29.067862218Z,1.013427734375
2025-02-11T09:45:29.468463098Z,1.1043701171875
2025-02-11T09:45:30.90736599Z,1.01953125
2025-02-11T09:45:32.177679297Z,1.0196533203125
2025-02-11T09:45:32.969941612Z,1.020751953125
2025-02-11T09:45:34.197977512Z,1.0198974609375
2025-02-11T09:45:35.41792201Z,1.0203857421875
2025-02-11T09:45:36.026287943Z,0.9700927734375
2025-02-11T09:45:37.478046922Z,1.0194091796875
2025-02-11T09:45:38.677828245Z,1.0159912109375
2025-02-11T09:45:39.314052799Z,1.0213623046875
2025-02-11T09:45:40.537868769Z,1.0184326171875
2025-02-11T09:45:41.792295432Z,1.0196533203125
2025-02-11T09:45:42.386050842Z,1.0189208984375
2025-02-11T09:45:44.007920093Z,1.01806640625
2025-02-11T09:45:44.63788455Z,1.0184326171875
2025-02-11T09:45:46.057869825Z,1.01708984375
2025-02-11T09:45:46.765981562Z,1.0919189453125
2025-02-11T09:45:48.12827864Z,1.017822265625
2025-02-11T09:45:49.147847254Z,1.019775390625
2025-02-11T09:45:50.066164543Z,1.01953125
2025-02-11T09:45:51.377918665Z,1.017578125
2025-02-11T09:45:52.237950638Z,1.0172119140625
2025-02-11T09:45:53.638073084Z,1.01806640625
2025-02-11T09:45:54.258295636Z,1.01708984375
2025-02-11T09:45:55.928747079Z,1.0198974609375
2025-02-11T09:45:56.925956526Z,1.02294921875
2025-02-11T09:45:57.518019447Z,1.01611328125
2025-02-11T09:45:59.205888938Z,1.020751953125
2025-02-11T09:45:59.584254249Z,1.019287109375
2025-02-11T09:46:01.223951219Z,1.0194091796875
2025-02-11T09:46:01.855674037Z,1.0179443359375
2025-02-11T09:46:03.253953283Z,1.0191650390625
2025-02-11T09:46:04.344074909Z,1.0216064453125
2025-02-11T09:46:04.994758712Z,1.021728515625
2025-02-11T09:46:06.392467452Z,1.017333984375
2025-02-11T09:46:07.665538933Z,1.0194091796875
2025-02-11T09:46:08.429687262Z,1.018310546875
2025-02-11T09:46:09.630403596Z,1.020751953125
2025-02-11T09:46:10.841025596Z,1.0242919921875
2025-02-11T09:46:11.980856377Z,1.0205078125
2025-02-11T09:46:12.480350242Z,1.01953125
2025-02-11T09:46:13.930712681Z,1.0185546875
2025-02-11T09:46:15.136118305Z,1.019775390625
2025-02-11T09:46:16.470740086Z,1.0191650390625
2025-02-11T09:46:16.990754624Z,1.01904296875
2025-02-11T09:46:18.220735996Z,1.0169677734375
2025-02-11T09:46:19.231083423Z,1.0196533203125
2025-02-11T09:46:20.250889021Z,1.0174560546875
2025-02-11T09:46:21.490815547Z,1.01904296875
2025-02-11T09:46:22.720868344Z,1.0194091796875
2025-02-11T09:46:23.340275647Z,1.02001953125
2025-02-11T09:46:24.551910386Z,1.021484375
2025-02-11T09:46:26.00099755Z,1.020263671875
2025-02-11T09:46:26.621753007Z,1.0185546875
2025-02-11T09:46:28.260955572Z,1.0194091796875
2025-02-11T09:46:28.860643028Z,1.02001953125
2025-02-11T09:46:30.141150849Z,1.0267333984375
2025-02-11T09:46:31.120112846Z,1.0194091796875
2025-02-11T09:46:32.350983601Z,1.01953125
2025-02-11T09:46:32.960386806Z,1.017578125
2025-02-11T09:46:34.710873435Z,1.020263671875
2025-02-11T09:46:35.220151508Z,1.021240234375
2025-02-11T09:46:36.841134243Z,1.02099609375
2025-02-11T09:46:37.480004748Z,1.0198974609375
2025-02-11T09:46:38.681143563Z,1.02001953125
2025-02-11T09:46:39.920957925Z,1.0196533203125
2025-02-11T09:46:40.94083465Z,1.0142822265625
2025-02-11T09:46:41.960805892Z,1.0213623046875
2025-02-11T09:46:42.61156915Z,1.0181884765625
2025-02-11T09:46:44.210950919Z,1.0174560546875
2025-02-11T09:46:44.831799208Z,1.01953125
2025-02-11T09:46:46.490790341Z,1.01904296875
2025-02-11T09:46:47.107960335Z,1.01806640625
2025-02-11T09:46:48.310833695Z,1.01904296875
2025-02-11T09:46:49.600968966Z,1.0206298828125
2025-02-11T09:46:50.191763035Z,1.0201416015625
2025-02-11T09:46:51.61099797Z,1.0203857421875
2025-02-11T09:46:52.287056004Z,1.019775390625
2025-02-11T09:46:53.639886843Z,1.0198974609375
2025-02-11T09:46:54.747983908Z,1.0203857421875
2025-02-11T09:46:55.913087083Z,1.0189208984375
2025-02-11T09:46:56.987851865Z,1.0184326171875
2025-02-11T09:46:57.948748866Z,1.0201416015625
2025-02-11T09:46:59.20025766Z,1.010986328125
2025-02-11T09:47:00.189372245Z,1.0185546875
2025-02-11T09:47:01.029292755Z,1.0179443359375
2025-02-11T09:47:02.250942309Z,1.0186767578125
2025-02-11T09:47:03.476319356Z,1.018798828125
2025-02-11T09:47:04.515846442Z,1.018798828125
2025-02-11T09:47:05.51078041Z,1.01708984375
2025-02-11T09:47:06.565045913Z,1.02001953125
2025-02-11T09:47:07.771572158Z,1.0198974609375
2025-02-11T09:47:08.790957614Z,1.0196533203125
2025-02-11T09:47:09.94098876Z,1.0147705078125
2025-02-11T09:47:10.630904326Z,0.979248046875
2025-02-11T09:47:12.070829858Z,0.9981689453125
2025-02-11T09:47:13.100965707Z,1.017578125
2025-02-11T09:47:14.340936521Z,1.0191650390625
2025-02-11T09:47:15.341044295Z,1.015625
2025-02-11T09:47:16.170845532Z,1.0147705078125
2025-02-11T09:47:17.441200659Z,1.015380859375
2025-02-11T09:47:18.115962242Z,1.015869140625
2025-02-11T09:47:19.451365084Z,1.0137939453125
2025-02-11T09:47:20.71306135Z,1.0145263671875
2025-02-11T09:47:21.682119113Z,1.017822265625
2025-02-11T09:47:22.733080798Z,1.0130615234375
2025-02-11T09:47:23.741794921Z,1.0167236328125
2025-02-11T09:47:24.971904532Z,1.0145263671875
2025-02-11T09:47:26.201931179Z,1.0091552734375
2025-02-11T09:47:27.071102304Z,1.0145263671875
2025-02-11T09:47:28.041777313Z,1.0166015625
2025-02-11T09:47:29.280010208Z,1.0169677734375
2025-02-11T09:47:30.322547369Z,1.01025390625
2025-02-11T09:47:31.142969093Z,1.016845703125
2025-02-11T09:47:32.871583203Z,1.0167236328125
2025-02-11T09:47:33.17906271Z,1.0181884765625
2025-02-11T09:47:34.602919443Z,1.016357421875
2025-02-11T09:47:35.662020763Z,1.0155029296875
2025-02-11T09:47:36.851112713Z,1.015625
2025-02-11T09:47:38.101676597Z,1.0164794921875
2025-02-11T09:47:38.892749445Z,1.0172119140625
2025-02-11T09:47:41.251725942Z,1.0130615234375
2025-02-11T09:47:41.253198659Z,1.0159912109375
2025-02-11T09:47:42.451941312Z,1.0159912109375
2025-02-11T09:47:43.031882157Z,1.0145263671875
2025-02-11T09:47:44.011996578Z,1.029541015625
2025-02-11T09:47:45.461961103Z,1.0185546875
2025-02-11T09:47:48.791318023Z,1.018310546875
2025-02-11T09:47:48.792660498Z,1.020751953125
2025-02-11T09:47:48.794339478Z,1.0228271484375
2025-02-11T09:47:50.57103187Z,1.022216796875
2025-02-11T09:47:50.572898752Z,1.0185546875
2025-02-11T09:47:52.211910841Z,1.0185546875
2025-02-11T09:47:52.643955938Z,1.022216796875
2025-02-11T09:47:54.302014824Z,1.0194091796875
2025-02-11T09:47:54.690871876Z,1.01806640625
2025-02-11T09:47:56.312472195Z,1.0206298828125
2025-02-11T09:47:57.332187388Z,1.01953125
2025-02-11T09:47:57.972529262Z,1.01953125
2025-02-11T09:47:59.582336123Z,1.01904296875
2025-02-11T09:48:00.098974159Z,1.01806640625
2025-02-11T09:48:01.231765161Z,1.0179443359375
2025-02-11T09:48:02.740048168Z,1.017822265625
2025-02-11T09:48:03.498966237Z,1.0194091796875
2025-02-11T09:48:04.901803417Z,1.0196533203125
2025-02-11T09:48:05.940470397Z,1.01806640625
2025-02-11T09:48:06.570765167Z,1.0185546875
2025-02-11T09:48:07.983084123Z,1.018798828125
2025-02-11T09:48:08.631134453Z,1.01953125
2025-02-11T09:48:10.022137741Z,1.0177001953125
2025-02-11T09:48:11.502188787Z,1.0194091796875
2025-02-11T09:48:12.091227081Z,1.0198974609375
2025-02-11T09:48:13.301791541Z,1.017333984375
2025-02-11T09:48:14.743797852Z,1.016845703125
2025-02-11T09:48:15.151190343Z,1.01611328125
2025-02-11T09:48:16.583620815Z,1.016357421875
2025-02-11T09:48:17.822787176Z,1.020263671875
2025-02-11T09:48:18.350844282Z,1.017578125
2025-02-11T09:48:19.872624069Z,1.0191650390625
2025-02-11T09:48:20.942365661Z,1.0191650390625
2025-02-11T09:48:22.331954268Z,1.014892578125
2025-02-11T09:58:02.115515373Z,1.017822265625
2025-02-11T09:58:03.335597951Z,1.021240234375
2025-02-11T09:58:04.405573362Z,1.0264892578125
2025-02-11T09:58:05.023761495Z,1.020751953125
2025-02-11T09:58:06.406058959Z,1.01806640625
2025-02-11T09:58:07.645553178Z,1.1939697265625
2025-02-11T09:58:08.255516231Z,1.0140380859375
2025-02-11T09:58:09.895485709Z,1.0145263671875
2025-02-11T09:58:10.503667577Z,1.013671875
2025-02-11T09:58:11.725497749Z,1.01513671875
2025-02-11T09:58:12.955069031Z,1.0140380859375
2025-02-11T09:58:13.791508287Z,1.0152587890625
2025-02-11T09:58:15.015443175Z,1.015380859375
2025-02-11T09:58:16.235751148Z,1.017333984375
2025-02-11T09:58:16.876028414Z,1.015625
2025-02-11T09:58:17.91143496Z,1.0155029296875
2025-02-11T09:58:19.325410166Z,1.01416015625
2025-02-11T09:58:20.375837083Z,1.0140380859375
2025-02-11T09:58:21.565516718Z,1.0145263671875
2025-02-11T09:58:22.605621334Z,1.0137939453125
2025-02-11T09:58:23.823788831Z,1.014892578125
2025-02-11T09:58:24.623464028Z,1.0150146484375
2025-02-11T09:58:25.86544458Z,1.0146484375
2025-02-11T09:58:26.890103874Z,1.012451171875
2025-02-11T09:58:28.18445047Z,1.012451171875
2025-02-11T09:58:28.803679161Z,1.012451171875
2025-02-11T09:58:30.375610186Z,1.0179443359375
2025-02-11T09:58:30.8808835Z,1.0135498046875
2025-02-11T09:58:32.299649452Z,1.0013427734375
2025-02-11T09:58:33.441985093Z,1.01220703125
2025-02-11T09:58:34.255135254Z,1.01416015625
2025-02-11T09:58:35.475781644Z,1.0167236328125
2025-02-11T09:58:36.505293683Z,1.0130615234375
2025-02-11T09:58:37.795841901Z,1.014404296875
2025-02-11T09:58:38.605527666Z,1.0147705078125
2025-02-11T09:58:39.833570042Z,1.013427734375
2025-02-11T09:58:40.812712872Z,1.0140380859375
2025-02-11T09:58:41.832761359Z,1.0181884765625
2025-02-11T09:58:42.8654048Z,1.0128173828125
2025-02-11T09:58:43.675525775Z,1.014404296875
2025-02-11T09:58:45.306415434Z,1.013427734375
2025-02-11T09:58:46.183756497Z,1.0220947265625
2025-02-11T09:58:47.605639908Z,1.013916015625
2025-02-11T09:58:47.991616775Z,1.0120849609375
2025-02-11T09:58:49.415554573Z,1.01416015625
2025-02-11T09:58:50.846069249Z,1.013427734375
2025-02-11T09:58:51.46648314Z,1.0179443359375
2025-02-11T09:58:52.695586501Z,1.0120849609375
2025-02-11T09:58:53.95671967Z,1.013427734375
2025-02-11T09:58:54.864012934Z,1.0128173828125
2025-02-11T09:58:55.785732765Z,1.013916015625
2025-02-11T09:58:57.215601022Z,1.014404296875
2025-02-11T09:58:57.80662888Z,1.014404296875
2025-02-11T09:58:59.035772677Z,1.0135498046875
2025-02-11T09:59:00.065894864Z,1.01513671875
2025-02-11T09:59:01.295426099Z,1.012939453125
2025-02-11T09:59:02.131942339Z,1.014404296875
2025-02-11T09:59:03.575670245Z,1.0130615234375
2025-02-11T09:59:04.183506537Z,1.0172119140625
2025-02-11T09:59:05.676190062Z,1.012939453125
2025-02-11T09:59:06.615641955Z,1.013916015625
2025-02-11T09:59:07.645892474Z,1.015869140625
2025-02-11T09:59:08.665273024Z,1.015380859375
2025-02-11T09:59:09.903397917Z,1.0146484375
2025-02-11T09:59:10.925824075Z,1.014892578125
2025-02-11T09:59:11.983344331Z,1.012451171875
2025-02-11T09:59:13.175602052Z,1.014892578125
2025-02-11T09:59:13.795640129Z,1.0140380859375
2025-02-11T09:59:15.225889279Z,1.013427734375
2025-02-11T09:59:16.246196558Z,1.01416015625
2025-02-11T09:59:17.68587953Z,1.0162353515625
2025-02-11T09:59:18.352899182Z,1.0133056640625
2025-02-11T09:59:19.524057028Z,1.013427734375
2025-02-11T09:59:20.74584409Z,1.0172119140625
2025-02-11T09:59:21.815720577Z,1.013671875
2025-02-11T09:59:22.415451906Z,1.015869140625
2025-02-11T09:59:23.825633617Z,1.017578125
2025-02-11T09:59:25.046211196Z,1.014892578125
2025-02-11T09:59:25.855620075Z,1.0137939453125
2025-02-11T09:59:27.305965176Z,1.0146484375
2025-02-11T09:59:28.165458209Z,1.015380859375
2025-02-11T09:59:28.95556672Z,1.0137939453125
2025-02-11T09:59:30.376487344Z,1.017333984375
2025-02-11T09:59:31.415882432Z,1.0152587890625
2025-02-11T09:59:32.655331152Z,1.0166015625
2025-02-11T09:59:33.685789883Z,1.01171875
2025-02-11T09:59:34.275577935Z,1.01416015625
2025-02-11T09:59:35.705839375Z,1.01171875
2025-02-11T09:59:36.935546028Z,1.01318359375
2025-02-11T09:59:37.565670441Z,1.0169677734375
2025-02-11T09:59:38.765898351Z,1.0146484375
2025-02-11T09:59:39.995510352Z,1.0162353515625
2025-02-11T09:59:41.225402069Z,1.014404296875
2025-02-11T09:59:42.266036505Z,1.0135498046875
2025-02-11T09:59:42.865963004Z,1.0145263671875
2025-02-11T09:59:44.313573687Z,1.0130615234375
2025-02-11T09:59:46.723407057Z,1.01318359375
2025-02-11T09:59:46.724787746Z,1.013916015625
2025-02-11T09:59:47.633785182Z,1.013427734375
2025-02-11T09:59:48.704577241Z,1.013671875
2025-02-11T09:59:50.467611151Z,1.0159912109375
2025-02-11T09:59:50.469146119Z,1.01416015625
2025-02-11T09:59:51.411628573Z,1.01513671875
2025-02-11T09:59:54.331797524Z,1.0142822265625
2025-02-11T09:59:54.333232193Z,1.0137939453125
2025-02-11T09:59:54.945686448Z,1.0123291015625
2025-02-11T09:59:56.424257037Z,1.0115966796875
2025-02-11T09:59:56.804127712Z,1.0133056640625
2025-02-11T09:59:58.225673474Z,1.011474609375
2025-02-11T09:59:59.47410603Z,1.0108642578125
2025-02-11T10:00:00.6954481Z,1.0106201171875
2025-02-11T10:00:01.104170889Z,1.0135498046875
2025-02-11T10:00:02.535544437Z,1.021240234375
2025-02-11T10:00:03.625656806Z,1.015869140625
2025-02-11T10:00:04.483370954Z,1.021240234375
2025-02-11T10:00:06.043273314Z,1.0125732421875
2025-02-11T10:00:06.933504171Z,1.0133056640625
2025-02-11T10:00:07.854617442Z,1.0069580078125
2025-02-11T10:00:09.083435555Z,1.0128173828125
2025-02-11T10:00:10.313573698Z,1.0096435546875
2025-02-11T10:00:10.783453559Z,1.0135498046875
2025-02-11T10:00:12.363317917Z,1.0128173828125
2025-02-11T10:00:13.393596661Z,1.0135498046875
2025-02-11T10:00:14.243598371Z,1.0147705078125
2025-02-11T10:00:16.091592257Z,1.015380859375
2025-02-11T10:00:16.499382032Z,1.01513671875
2025-02-11T10:00:17.693673034Z,1.0120849609375
2025-02-11T10:00:18.723491572Z,1.015380859375
2025-02-11T10:00:20.143083767Z,1.0145263671875
2025-02-11T10:00:20.572409619Z,1.0130615234375
2025-02-11T10:00:21.993749328Z,1.01708984375
2025-02-11T10:00:22.623727174Z,1.013427734375
2025-02-11T10:00:24.033631887Z,1.0079345703125
2025-02-11T10:00:25.063372913Z,1.0140380859375
2025-02-11T10:00:26.293619904Z,1.0120849609375
2025-02-11T10:00:27.323687497Z,1.0145263671875
2025-02-11T10:00:28.343283861Z,1.0130615234375
2025-02-11T10:00:29.363352821Z,1.015869140625
2025-02-11T10:00:30.633518866Z,1.0146484375
2025-02-11T10:00:31.823494379Z,1.024169921875
2025-02-11T10:00:32.683643394Z,1.01513671875
2025-02-11T10:00:33.883514561Z,1.0157470703125
2025-02-11T10:00:34.523589067Z,1.015625
2025-02-11T10:00:35.93447106Z,1.012939453125
2025-02-11T10:00:36.943411295Z,1.0128173828125
2025-02-11T10:00:38.390321348Z,1.0062255859375
2025-02-11T10:00:38.79459649Z,1.015380859375
2025-02-11T10:00:40.243499085Z,1.0177001953125
2025-02-11T10:00:41.44385743Z,1.016357421875
2025-02-11T10:00:42.283322119Z,1.0142822265625
2025-02-11T10:00:43.693345844Z,1.009033203125
2025-02-11T10:00:44.531923873Z,1.01123046875
2025-02-11T10:00:45.743121019Z,1.02001953125
2025-02-11T10:00:46.371839628Z,1.015380859375
2025-02-11T10:00:47.79387608Z,1.0150146484375
2025-02-11T10:00:48.81317786Z,1.01318359375
2025-02-11T10:00:49.523543172Z,1.015869140625
2025-02-11T10:00:50.863379664Z,1.015869140625
2025-02-11T10:00:52.093296774Z,1.0152587890625
2025-02-11T10:00:53.333259929Z,1.015869140625
2025-02-11T10:00:54.181582175Z,1.0146484375
2025-02-11T10:00:55.191523409Z,1.017578125
2025-02-11T10:00:56.464410189Z,1.013671875
2025-02-11T10:00:57.463391724Z,1.0157470703125
2025-02-11T10:00:58.533420726Z,1.015380859375
2025-02-11T10:00:59.473144738Z,1.0106201171875
2025-02-11T10:01:00.693530049Z,1.0130615234375
2025-02-11T10:01:01.713466393Z,1.0130615234375
2025-02-11T10:01:02.753403656Z,1.017822265625
2025-02-11T10:01:03.813463165Z,1.01123046875
2025-02-11T10:01:04.993730045Z,1.01806640625
2025-02-11T10:01:06.282892762Z,1.015869140625
2025-02-11T10:01:06.881393112Z,1.0142822265625
2025-02-11T10:01:08.273477266Z,1.01220703125
2025-02-11T10:01:09.313066405Z,1.0157470703125
2025-02-11T10:01:10.333156972Z,1.0113525390625
2025-02-11T10:01:11.353612442Z,1.0174560546875
2025-02-11T10:01:12.383349397Z,1.0054931640625
2025-02-11T10:01:13.613027904Z,1.0040283203125
2025-02-11T10:01:14.633452365Z,1.0283203125
2025-02-11T10:01:15.713187024Z,1.01171875
2025-02-11T10:01:16.87322317Z,1.0145263671875
2025-02-11T10:01:17.903256282Z,1.0179443359375
2025-02-11T10:01:19.353503341Z,1.017822265625
2025-02-11T10:01:19.99731841Z,1.013916015625
2025-02-11T10:01:21.193309244Z,1.01611328125
2025-02-11T10:01:22.233243995Z,1.015625
2025-02-11T10:01:23.243633248Z,1.0135498046875
2025-02-11T10:01:24.301284046Z,1.016845703125
2025-02-11T10:01:25.693034917Z,1.023681640625
2025-02-11T10:01:26.330302853Z,1.0225830078125
2025-02-11T10:01:27.533376044Z,1.020263671875
2025-02-11T10:01:28.415395569Z,1.01708984375
2025-02-11T10:01:29.81114024Z,1.0224609375
2025-02-11T10:01:30.673350445Z,1.0186767578125
2025-02-11T10:01:31.833200243Z,1.0045166015625
2025-02-11T10:01:33.063379859Z,1.0220947265625
2025-02-11T10:01:34.093234102Z,1.0216064453125
2025-02-11T10:01:35.123508694Z,1.021484375
2025-02-11T10:01:36.403213904Z,1.017822265625
2025-02-11T10:01:37.573262182Z,1.020263671875
2025-02-11T10:01:38.001299269Z,1.01953125
2025-02-11T10:01:39.431216184Z,1.0238037109375
2025-02-11T10:01:40.853593988Z,1.020263671875
2025-02-11T10:01:41.482921867Z,1.0194091796875
2025-02-11T10:01:42.733221104Z,1.0201416015625
2025-02-11T10:01:43.72920055Z,1.02099609375
2025-02-11T10:01:44.441384007Z,1.0205078125
2025-02-11T10:01:45.771218166Z,1.0205078125
2025-02-11T10:01:47.203427488Z,1.02001953125
2025-02-11T10:01:47.889336073Z,1.0216064453125
2025-02-11T10:01:49.033277944Z,1.019775390625
2025-02-11T10:01:50.093645751Z,1.021728515625
2025-02-11T10:01:51.34324599Z,1.017822265625
2025-02-11T10:01:52.3230674Z,1.0252685546875
2025-02-11T10:01:53.35902719Z,1.020263671875
2025-02-11T10:01:54.38316628Z,1.02001953125
2025-02-11T10:01:55.603333163Z,1.0164794921875
2025-02-11T10:01:56.623132776Z,1.0206298828125
2025-02-11T10:01:57.645049591Z,1.0203857421875
2025-02-11T10:01:58.883419449Z,1.0252685546875
2025-02-11T10:01:59.893285239Z,1.02197265625
2025-02-11T10:02:01.123615241Z,1.017578125
2025-02-11T10:02:02.153407013Z,1.0206298828125
2025-02-11T10:02:02.851104708Z,1.0245361328125
2025-02-11T10:02:04.413544751Z,1.0174560546875
2025-02-11T10:02:05.021121007Z,1.0234375
2025-02-11T10:02:06.459470231Z,1.0169677734375
2025-02-11T10:02:07.281630122Z,1.0216064453125
2025-02-11T10:02:08.493108089Z,1.0216064453125
2025-02-11T10:02:09.784454348Z,1.0189208984375
2025-02-11T10:02:10.561273073Z,1.0201416015625
2025-02-11T10:02:11.813584259Z,1.019775390625
2025-02-11T10:02:12.451255548Z,1.0155029296875
2025-02-11T10:02:13.823243144Z,1.017578125
2025-02-11T10:02:14.861647835Z,1.0189208984375
2025-02-11T10:02:15.693419138Z,1.0189208984375
2025-02-11T10:02:17.093342557Z,1.0206298828125
2025-02-11T10:02:18.123309715Z,1.0185546875
2025-02-11T10:02:19.583322168Z,1.018798828125
2025-02-11T10:02:20.002652748Z,1.0166015625
2025-02-11T10:02:21.413109179Z,1.0281982421875
2025-02-11T10:02:22.643169678Z,0.9210205078125
2025-02-11T10:02:23.251244325Z,1.010498046875
2025-02-11T10:02:24.691138878Z,1.0108642578125
2025-02-11T10:02:25.923328993Z,1.012451171875
2025-02-11T10:02:26.603670649Z,1.0115966796875
2025-02-11T10:02:27.773260083Z,1.0067138671875
2025-02-11T10:02:28.983165405Z,1.0120849609375
2025-02-11T10:02:30.013183594Z,1.012451171875
2025-02-11T10:02:31.013186418Z,1.010986328125
2025-02-11T10:02:32.052924926Z,1.011962890625
2025-02-11T10:02:32.791237709Z,1.0125732421875
2025-02-11T10:02:34.319072717Z,1.011962890625
2025-02-11T10:02:35.323185509Z,1.010498046875
2025-02-11T10:02:36.352657095Z,1.0225830078125
2025-02-11T10:02:37.7828777Z,1.0101318359375
2025-02-11T10:02:38.403330763Z,1.020751953125
2025-02-11T10:02:39.832923797Z,0.7906494140625
2025-02-11T10:02:40.653235619Z,-0.1829833984375
2025-02-11T10:02:41.884856589Z,-0.402099609375
2025-02-11T10:02:42.993313571Z,-0.6583251953125
2025-02-11T10:02:44.143439126Z,0.81201171875
2025-02-11T10:02:45.073459587Z,0.177001953125
2025-02-11T10:02:45.803252205Z,0.0416259765625
2025-02-11T10:02:47.21318191Z,-0.0369873046875
2025-02-11T10:02:48.043443886Z,-0.3409423828125
2025-02-11T10:02:49.663522651Z,-0.7935791015625
2025-02-11T10:02:50.091329051Z,0.8753662109375
2025-02-11T10:11:18.573518436Z,0.933837890625
2025-02-11T10:11:19.805650316Z,0.9345703125
2025-02-11T10:11:20.825468496Z,0.9412841796875
2025-02-11T10:11:21.453673049Z,0.937255859375
2025-02-11T10:11:22.885927179Z,0.9361572265625
2025-02-11T10:11:24.095802298Z,0.9361572265625
2025-02-11T10:11:24.733547019Z,0.93701171875
2025-02-11T10:11:26.149356079Z,0.93701171875
2025-02-11T10:11:27.18139646Z,0.9383544921875
2025-02-11T10:11:28.021422487Z,0.938720703125
2025-02-11T10:11:49.190886557Z,0.9779052734375
2025-02-11T10:11:49.489209762Z,0.9791259765625
2025-02-11T10:11:50.955019867Z,0.97900390625
2025-02-11T10:11:52.160722935Z,0.9793701171875
2025-02-11T10:11:52.980826056Z,0.9798583984375
2025-02-11T10:11:54.42231914Z,0.9810791015625
2025-02-11T10:11:55.0368165Z,0.9781494140625
2025-02-11T10:11:56.46168595Z,0.9771728515625
2025-02-11T10:11:57.711025029Z,0.97998046875
2025-02-11T10:11:58.229561454Z,0.975830078125
2025-02-11T10:11:59.531161885Z,0.9771728515625
2025-02-11T10:12:00.550655444Z,0.9761962890625
2025-02-11T10:12:01.81709806Z,0.977783203125
2025-02-11T10:12:03.010477499Z,0.9769287109375
2025-02-11T10:12:03.820856196Z,0.9786376953125
2025-02-11T10:12:05.079816563Z,0.9779052734375
2025-02-11T10:12:06.080768173Z,0.9771728515625
2025-02-11T10:12:07.170826179Z,0.9765625
2025-02-11T10:12:08.130524243Z,0.9757080078125
2025-02-11T10:12:09.400867299Z,0.9747314453125
2025-02-11T10:12:10.390695788Z,0.975830078125
2025-02-11T10:12:11.431145513Z,0.97705078125
2025-02-11T10:12:12.64090997Z,0.9764404296875
2025-02-11T10:12:13.269261046Z,0.973876953125
2025-02-11T10:12:14.941613018Z,0.97314453125
2025-02-11T10:12:15.548529717Z,0.9759521484375
2025-02-11T10:12:16.780485519Z,0.9742431640625
2025-02-11T10:12:17.830991045Z,0.97119140625
2025-02-11T10:12:19.010950337Z,0.97119140625
2025-02-11T10:12:20.030018001Z,0.970458984375
2025-02-11T10:12:21.24068615Z,0.974365234375
2025-02-11T10:12:22.060645197Z,0.9716796875
2025-02-11T10:12:23.081412533Z,0.95556640625
2025-02-11T10:12:24.301119316Z,0.9686279296875
2025-02-11T10:12:25.338767752Z,0.973876953125
2025-02-11T10:12:26.360905621Z,0.9666748046875
2025-02-11T10:12:27.591120679Z,0.967041015625
2025-02-11T10:12:28.611264181Z,0.96826171875
2025-02-11T10:12:30.049059919Z,0.9678955078125
2025-02-11T10:12:30.468752354Z,0.97216796875
2025-02-11T10:12:31.890741279Z,0.9713134765625
2025-02-11T10:12:32.941400968Z,0.9716796875
2025-02-11T10:12:33.948973601Z,0.96875
2025-02-11T10:12:34.97735932Z,0.9765625
2025-02-11T10:12:36.208823655Z,0.9688720703125
2025-02-11T10:12:37.061004838Z,0.9678955078125
2025-02-11T10:12:38.230900411Z,0.9683837890625
2025-02-11T10:12:39.269688106Z,0.9678955078125
2025-02-11T10:12:40.500762875Z,0.971923828125
2025-02-11T10:12:41.979110606Z,0.9664306640625
2025-02-11T10:12:42.440873222Z,0.9683837890625
2025-02-11T10:12:43.790830826Z,0.966552734375
2025-02-11T10:12:44.392636393Z,0.9686279296875
2025-02-11T10:12:45.801458227Z,0.96875
2025-02-11T10:12:46.850669926Z,0.9691162109375
2025-02-11T10:12:48.077922291Z,0.9674072265625
2025-02-11T10:12:49.710932919Z,0.9683837890625
2025-02-11T10:12:50.128906336Z,0.9700927734375
2025-02-11T10:12:51.148840943Z,0.96923828125
2025-02-11T10:12:52.170765156Z,0.9705810546875
2025-02-11T10:12:53.600809692Z,0.96728515625
2025-02-11T10:12:54.219149939Z,0.9697265625
2025-02-11T10:12:55.660897107Z,0.97119140625
2025-02-11T10:12:56.279060624Z,0.971923828125
2025-02-11T10:12:57.740788978Z,0.9730224609375
2025-02-11T10:12:58.749042868Z,0.967529296875
2025-02-11T10:12:59.950921258Z,0.9713134765625
2025-02-11T10:13:01.029020856Z,0.970947265625
2025-02-11T10:13:01.649515281Z,0.9697265625
2025-02-11T10:13:03.230776966Z,0.9705810546875
2025-02-11T10:13:04.042056337Z,0.9666748046875
2025-02-11T10:13:05.481228258Z,0.968994140625
2025-02-11T10:13:05.888687896Z,0.962158203125
2025-02-11T10:13:07.336673096Z,0.967529296875
2025-02-11T10:13:08.801026742Z,0.9700927734375
2025-02-11T10:13:09.168813495Z,0.9698486328125
2025-02-11T10:13:10.648896669Z,0.968017578125
2025-02-11T10:13:11.829910743Z,0.9678955078125
2025-02-11T10:13:12.840970528Z,0.9683837890625
2025-02-11T10:13:13.880779158Z,0.9688720703125
2025-02-11T10:13:14.952076139Z,0.9693603515625
2025-02-11T10:13:16.160896322Z,0.9664306640625
2025-02-11T10:13:16.941717406Z,0.96826171875
2025-02-11T10:13:18.212736078Z,0.96826171875
2025-02-11T10:13:19.211433387Z,0.9691162109375
2025-02-11T10:13:20.220908252Z,0.9281005859375
2025-02-11T10:13:21.258971442Z,0.972900390625
2025-02-11T10:13:22.47083979Z,0.9688720703125
2025-02-11T10:13:23.711054725Z,0.96875
2025-02-11T10:13:24.580757807Z,0.97119140625
2025-02-11T10:13:25.779144711Z,0.9703369140625
2025-02-11T10:13:26.792640637Z,0.966552734375
2025-02-11T10:13:27.809714959Z,0.970947265625
2025-02-11T10:13:28.821069778Z,0.968994140625
2025-02-11T10:13:29.845358969Z,0.965087890625
2025-02-11T10:13:31.088729741Z,0.962158203125
2025-02-11T10:13:32.096826228Z,0.9720458984375
2025-02-11T10:13:33.254907027Z,0.966796875
2025-02-11T10:13:34.142784168Z,0.9747314453125
2025-02-11T10:13:35.434903244Z,0.9696044921875
2025-02-11T10:13:36.604978369Z,0.9698486328125
2025-02-11T10:13:37.426582734Z,0.958740234375
2025-02-11T10:13:38.456825833Z,0.9765625
2025-02-11T10:13:39.610882155Z,0.970947265625
2025-02-11T10:13:40.754680692Z,0.9697265625
2025-02-11T10:13:41.717739235Z,0.9705810546875
2025-02-11T10:13:42.773485579Z,0.970458984375
2025-02-11T10:13:43.986744262Z,0.9664306640625
2025-02-11T10:13:44.996943424Z,0.96875
2025-02-11T10:13:46.034833032Z,0.9691162109375
2025-02-11T10:13:47.266879598Z,0.9688720703125
2025-02-11T10:13:47.867120852Z,0.967529296875
2025-02-11T10:13:49.307274414Z,0.9678955078125
2025-02-11T10:13:50.556868271Z,0.9716796875
2025-02-11T10:13:51.196828864Z,0.96826171875
2025-02-11T10:13:52.606902625Z,0.969482421875
2025-02-11T10:13:53.614857813Z,0.969482421875
2025-02-11T10:13:54.856594778Z,0.9698486328125
2025-02-11T10:13:55.846841778Z,0.9681396484375
2025-02-11T10:13:56.876881367Z,0.9700927734375
2025-02-11T10:13:58.156848674Z,0.96826171875
2025-02-11T10:13:59.246842606Z,0.970703125
2025-02-11T10:13:59.826947297Z,0.9678955078125
2025-02-11T10:14:01.386925143Z,0.97119140625
2025-02-11T10:14:02.214736273Z,0.9696044921875
2025-02-11T10:14:03.455128668Z,0.969482421875
2025-02-11T10:14:04.527079668Z,0.96923828125
2025-02-11T10:14:05.491900078Z,0.970947265625
2025-02-11T10:14:06.534068312Z,0.9700927734375
2025-02-11T10:14:07.6106953Z,0.970458984375
2025-02-11T10:14:08.766823771Z,0.9691162109375
2025-02-11T10:14:09.819155571Z,0.9686279296875
2025-02-11T10:14:10.82297977Z,0.9686279296875
2025-02-11T10:14:11.857129686Z,0.96533203125
2025-02-11T10:14:13.070870995Z,0.97119140625
2025-02-11T10:14:14.094883427Z,0.958251953125
2025-02-11T10:14:15.219834475Z,0.973876953125
2025-02-11T10:14:16.186926027Z,0.970458984375
2025-02-11T10:14:17.267013048Z,0.9671630859375
2025-02-11T10:14:18.414767313Z,0.9676513671875
2025-02-11T10:14:19.434808789Z,0.9693603515625
2025-02-11T10:14:20.45552014Z,0.9669189453125
2025-02-11T10:14:21.67529413Z,0.9715576171875
2025-02-11T10:14:22.696910481Z,0.9718017578125
2025-02-11T10:14:23.706701182Z,0.9708251953125
2025-02-11T10:14:24.774808686Z,0.96923828125
2025-02-11T10:14:25.986887916Z,0.9705810546875
2025-02-11T10:14:26.994974656Z,0.970458984375
2025-02-11T10:14:28.01691222Z,0.9735107421875
2025-02-11T10:14:29.253589111Z,0.9749755859375
2025-02-11T10:14:30.274892085Z,0.9697265625
2025-02-11T10:14:31.304884693Z,0.9698486328125
2025-02-11T10:14:32.340993103Z,0.9915771484375
2025-02-11T10:14:33.567302369Z,0.957275390625
2025-02-11T10:14:34.680850369Z,0.972412109375
2025-02-11T10:14:35.692463446Z,0.971923828125
2025-02-11T10:14:36.61318214Z,0.9810791015625
2025-02-11T10:14:37.662670861Z,0.96826171875
2025-02-11T10:14:38.881019999Z,0.97119140625
2025-02-11T10:14:39.892742364Z,0.971435546875
2025-02-11T10:14:40.944599738Z,0.97216796875
2025-02-11T10:14:41.962698859Z,0.9698486328125
2025-02-11T10:14:43.224891054Z,0.965087890625
2025-02-11T10:14:44.220820504Z,0.9715576171875
2025-02-11T10:14:45.212321161Z,0.96923828125
2025-02-11T10:14:46.460429584Z,0.969970703125
2025-02-11T10:14:47.492771285Z,0.9688720703125
2025-02-11T10:14:48.50238999Z,0.9720458984375
2025-02-11T10:14:49.523446483Z,0.9725341796875
2025-02-11T10:14:50.748808108Z,0.971923828125
2025-02-11T10:14:51.781593126Z,0.9725341796875
2025-02-11T10:14:52.421583887Z,0.9730224609375
2025-02-11T10:14:53.822134078Z,0.9703369140625
2025-02-11T10:14:54.862824485Z,0.970703125
2025-02-11T10:14:56.072557025Z,0.970947265625
2025-02-11T10:14:57.100725465Z,0.9708251953125
2025-02-11T10:14:58.122990633Z,0.970458984375
2025-02-11T10:14:59.360617126Z,0.96875
2025-02-11T10:15:00.424690236Z,0.9708251953125
2025-02-11T10:15:01.442960714Z,0.97119140625
2025-02-11T10:15:02.580656967Z,0.97119140625
2025-02-11T10:15:03.661099963Z,0.9693603515625
2025-02-11T10:15:04.672611897Z,0.970947265625
2025-02-11T10:15:05.702651015Z,0.970947265625
2025-02-11T10:15:06.772597208Z,0.971923828125
2025-02-11T10:15:08.042391835Z,0.971435546875
2025-02-11T10:15:08.972786525Z,0.971435546875
2025-02-11T10:15:10.252625923Z,0.9703369140625
2025-02-11T10:15:10.692720775Z,0.972412109375
2025-02-11T10:15:12.272689938Z,0.971923828125
2025-02-11T10:15:12.972813026Z,0.9703369140625
2025-02-11T10:15:14.532645344Z,0.972900390625
2025-02-11T10:15:15.532669468Z,0.9722900390625
2025-02-11T10:15:16.181513958Z,0.97119140625
2025-02-11T10:15:17.832385943Z,0.970947265625
2025-02-11T10:15:18.602561391Z,0.9713134765625
2025-02-11T10:15:19.632520912Z,0.970703125
2025-02-11T10:15:20.862476899Z,0.9715576171875
2025-02-11T10:15:21.504264857Z,0.9691162109375
2025-02-11T10:15:22.942605346Z,0.9693603515625
2025-02-11T10:15:24.182590418Z,0.9686279296875
2025-02-11T10:15:25.162545617Z,0.96923828125
2025-02-11T10:15:26.192592274Z,0.9720458984375
2025-02-11T10:15:27.212779973Z,0.97265625
2025-02-11T10:15:28.662565822Z,0.969482421875
2025-02-11T10:15:29.061647264Z,0.96533203125
2025-02-11T10:15:30.490731101Z,0.967041015625
2025-02-11T10:15:31.702902935Z,0.9722900390625
2025-02-11T10:15:32.733067754Z,0.9716796875
2025-02-11T10:15:33.832751259Z,0.970458984375
2025-02-11T10:15:34.78381515Z,0.971435546875
2025-02-11T10:15:35.873053429Z,0.970703125
2025-02-11T10:15:36.79258138Z,0.971435546875
2025-02-11T10:15:38.282461174Z,0.9710693359375
2025-02-11T10:15:39.086859552Z,0.96875
2025-02-11T10:15:40.097532285Z,0.9632568359375
2025-02-11T10:15:41.129851637Z,0.9658203125
2025-02-11T10:15:42.382808538Z,0.969482421875
2025-02-11T10:15:43.382986659Z,0.971923828125
2025-02-11T10:15:44.402935385Z,0.9718017578125
2025-02-11T10:15:45.833104575Z,0.971435546875
2025-02-11T10:15:46.254094696Z,0.9698486328125
2025-02-11T10:15:47.672789032Z,0.9681396484375
2025-02-11T10:15:48.902760626Z,0.9703369140625
2025-02-11T10:15:49.723026994Z,0.9715576171875
2025-02-11T10:15:50.952885737Z,0.968505859375
2025-02-11T10:15:52.032549528Z,0.97119140625
2025-02-11T10:15:53.262903595Z,0.9676513671875
2025-02-11T10:15:53.823145768Z,0.97265625
2025-02-11T10:15:55.262324678Z,0.968017578125
2025-02-11T10:15:56.283099103Z,0.9703369140625
2025-02-11T10:15:57.512770925Z,0.9716796875
2025-02-11T10:15:58.532805771Z,0.9722900390625
2025-02-11T10:15:59.572593884Z,0.9697265625
2025-02-11T10:16:00.802915554Z,0.9713134765625
2025-02-11T10:16:01.813048034Z,0.9747314453125
2025-02-11T10:16:02.900460311Z,0.971435546875
2025-02-11T10:16:03.45293112Z,0.9710693359375
2025-02-11T10:16:05.080120795Z,0.9713134765625
2025-02-11T10:16:05.892015451Z,0.9698486328125
2025-02-11T10:16:07.130240767Z,0.9722900390625
2025-02-11T10:16:08.189943083Z,0.9720458984375
2025-02-11T10:16:09.202986456Z,0.97119140625
2025-02-11T10:16:10.202891289Z,0.97021484375
2025-02-11T10:16:11.433192513Z,0.9696044921875
2025-02-11T10:16:12.462060497Z,0.9669189453125
2025-02-11T10:16:13.692005917Z,0.97021484375
2025-02-11T10:16:14.912840941Z,0.96923828125
2025-02-11T10:16:15.341660172Z,0.971435546875
2025-02-11T10:16:16.962545131Z,0.97216796875
2025-02-11T10:16:17.882800407Z,0.97119140625
2025-02-11T10:16:18.602773497Z,0.9720458984375
2025-02-11T10:16:20.042769696Z,0.970703125
2025-02-11T10:16:21.06175544Z,0.969970703125
2025-02-11T10:16:22.082838538Z,0.964111328125
2025-02-11T10:16:23.132863405Z,0.97314453125
2025-02-11T10:16:24.351749347Z,0.9693603515625
2025-02-11T10:16:25.373095887Z,0.97265625
2025-02-11T10:16:26.383135194Z,0.9686279296875
2025-02-11T10:16:27.211958654Z,0.9705810546875
2025-02-11T10:16:28.63300074Z,0.95556640625
2025-02-11T10:16:29.680479269Z,0.9725341796875
2025-02-11T10:16:30.682625374Z,0.971923828125
2025-02-11T10:16:31.912532401Z,0.968505859375
2025-02-11T10:16:32.581718625Z,0.9713134765625
2025-02-11T10:16:33.963085162Z,0.968994140625
2025-02-11T10:16:34.981925297Z,0.9652099609375
2025-02-11T10:16:36.012833511Z,0.9708251953125
2025-02-11T10:16:37.242900212Z,0.97216796875
2025-02-11T10:16:38.261929485Z,0.9742431640625
2025-02-11T10:16:39.301634492Z,0.972412109375
2025-02-11T10:16:40.589671957Z,0.96826171875
2025-02-11T10:16:41.573895632Z,0.97314453125
2025-02-11T10:16:42.777737329Z,0.97119140625
2025-02-11T10:16:43.632211821Z,0.970703125
2025-02-11T10:16:45.021980576Z,0.9744873046875
2025-02-11T10:16:45.649695857Z,0.972412109375
2025-02-11T10:16:46.861880721Z,0.97265625
2025-02-11T10:16:47.881932063Z,0.9771728515625
2025-02-11T10:16:49.111936992Z,0.974853515625
2025-02-11T10:16:50.150345617Z,0.97314453125
2025-02-11T10:16:51.172437587Z,0.972412109375
2025-02-11T10:16:52.393203131Z,0.9720458984375
2025-02-11T10:16:53.422845856Z,0.970703125
2025-02-11T10:16:54.643029488Z,0.9727783203125
2025-02-11T10:16:55.272165009Z,0.972412109375
2025-02-11T10:16:56.693134327Z,0.97119140625
2025-02-11T10:16:57.772669748Z,0.9716796875
2025-02-11T10:16:58.772939064Z,0.9710693359375
2025-02-11T10:16:59.584926389Z,0.9716796875
2025-02-11T10:17:01.072749851Z,0.9747314453125
2025-02-11T10:17:01.664128443Z,0.9716796875
2025-02-11T10:17:03.253334138Z,0.9722900390625
2025-02-11T10:17:04.062830303Z,0.9718017578125
2025-02-11T10:17:05.093119639Z,0.9736328125
2025-02-11T10:17:06.171943215Z,0.9696044921875
2025-02-11T10:17:07.371863226Z,0.97021484375
2025-02-11T10:17:08.372217602Z,0.9732666015625
2025-02-11T10:17:09.450046889Z,0.9718017578125
2025-02-11T10:17:10.622846252Z,0.99072265625
2025-02-11T10:17:11.643602903Z,0.9708251953125
2025-02-11T10:17:12.689432616Z,0.970947265625
2025-02-11T10:17:13.702874245Z,0.9718017578125
2025-02-11T10:17:14.929936449Z,0.972900390625
2025-02-11T10:17:16.152799505Z,0.9708251953125
2025-02-11T10:17:16.799829652Z,0.9727783203125
2025-02-11T10:17:17.991779765Z,0.9716796875
2025-02-11T10:17:19.228051745Z,0.95849609375
2025-02-11T10:17:20.253535388Z,0.970703125
2025-02-11T10:17:21.49202961Z,0.97265625
2025-02-11T10:17:22.502956617Z,0.97412109375
2025-02-11T10:17:23.119936599Z,0.9736328125
2025-02-11T10:17:24.772602181Z,0.9676513671875
2025-02-11T10:17:25.572944685Z,0.97119140625
2025-02-11T10:17:26.681746947Z,0.9735107421875
2025-02-11T10:17:27.864083385Z,0.9716796875
2025-02-11T10:17:28.843354302Z,0.972412109375
2025-02-11T10:17:30.293282476Z,0.973388671875
2025-02-11T10:17:30.68350501Z,0.972412109375
2025-02-11T10:17:32.123178239Z,0.9736328125
2025-02-11T10:17:33.172518511Z,0.972900390625
2025-02-11T10:17:33.973034007Z,0.9718017578125
2025-02-11T10:17:35.633156025Z,0.971435546875
2025-02-11T10:17:36.231890766Z,0.9725341796875
2025-02-11T10:17:37.453493286Z,0.97021484375
2025-02-11T10:17:38.682982428Z,0.971435546875
2025-02-11T10:17:39.702789543Z,0.9739990234375
2025-02-11T10:17:40.744361751Z,0.973388671875
2025-02-11T10:17:41.96286317Z,0.97314453125
2025-02-11T10:17:42.782832937Z,0.9727783203125
2025-02-11T10:17:43.792841167Z,0.9764404296875
2025-02-11T10:17:45.032735918Z,0.9732666015625
2025-02-11T10:17:46.063810529Z,0.9713134765625
2025-02-11T10:17:47.073947071Z,0.9744873046875
2025-02-11T10:17:48.312860104Z,0.974609375
2025-02-11T10:17:49.152308551Z,0.9713134765625
2025-02-11T10:17:50.563170079Z,0.9727783203125
2025-02-11T10:17:51.392029622Z,0.9722900390625
2025-02-11T10:17:52.64295469Z,0.973388671875
2025-02-11T10:17:53.633562896Z,0.9716796875
2025-02-11T10:17:54.662979088Z,0.972900390625
2025-02-11T10:17:56.082918196Z,0.9715576171875
2025-02-11T10:17:56.724393051Z,0.972412109375
2025-02-11T10:17:57.943385632Z,0.9637451171875
2025-02-11T10:17:58.993019254Z,0.97119140625
2025-02-11T10:17:59.972864626Z,0.9755859375
2025-02-11T10:18:01.202854379Z,0.9698486328125
2025-02-11T10:18:01.839973597Z,0.93994140625
2025-02-11T10:18:03.462946692Z,0.970703125
2025-02-11T10:18:04.083144063Z,0.97314453125
2025-02-11T10:18:05.513350511Z,0.971923828125
2025-02-11T10:18:06.560162626Z,0.970458984375
2025-02-11T10:18:07.552852399Z,0.973388671875
2025-02-11T10:18:08.85318281Z,0.97265625
2025-02-11T10:18:09.812754597Z,0.970703125
2025-02-11T10:18:10.45210512Z,0.9716796875
2025-02-11T10:18:12.062854892Z,0.9715576171875
2025-02-11T10:18:12.691785687Z,0.971923828125
2025-02-11T10:18:14.112567167Z,0.9705810546875
2025-02-11T10:18:15.172998702Z,0.9715576171875
2025-02-11T10:18:16.163013194Z,0.9718017578125
2025-02-11T10:18:17.393055626Z,0.970458984375
2025-02-11T10:18:18.452766937Z,0.97802734375
2025-02-11T10:18:19.043954524Z,0.9779052734375
2025-02-11T10:18:20.683067655Z,0.9737548828125
2025-02-11T10:18:21.683934011Z,0.9681396484375
2025-02-11T10:18:22.712848688Z,0.9735107421875
2025-02-11T10:18:23.732833323Z,0.9725341796875
2025-02-11T10:18:24.763159023Z,0.948486328125
2025-02-11T10:18:26.044039743Z,0.970458984375
2025-02-11T10:18:26.913262288Z,0.9775390625
2025-02-11T10:18:28.032887669Z,0.975830078125
2025-02-11T10:18:29.063108533Z,0.9754638671875
2025-02-11T10:18:30.09285107Z,0.975830078125
2025-02-11T10:18:31.31299013Z,0.9742431640625
2025-02-11T10:18:31.973225667Z,0.9737548828125
2025-02-11T10:18:33.463907714Z,0.9730224609375
2025-02-11T10:18:34.413103911Z,0.9708251953125
2025-02-11T10:18:35.681129573Z,0.9737548828125
2025-02-11T10:18:36.704033365Z,0.974853515625
2025-02-11T10:18:37.672826409Z,0.974365234375
2025-02-11T10:18:38.752894624Z,0.9749755859375
2025-02-11T10:18:39.952962535Z,0.97705078125
2025-02-11T10:18:40.943085234Z,0.974853515625
2025-02-11T10:18:42.012827524Z,0.974853515625
2025-02-11T10:18:43.012961599Z,0.9739990234375
2025-02-11T10:18:44.223476074Z,0.9771728515625
2025-02-11T10:18:45.25416411Z,0.9754638671875
2025-02-11T10:18:46.265995317Z,0.97900390625
2025-02-11T10:18:47.363438114Z,0.9722900390625
2025-02-11T10:18:48.613249741Z,0.97119140625
2025-02-11T10:18:49.543201447Z,0.974365234375
2025-02-11T10:18:50.584102739Z,0.973876953125
2025-02-11T10:18:51.820530174Z,0.971435546875
2025-02-11T10:18:52.813375287Z,0.9755859375
2025-02-11T10:18:54.042866791Z,0.9747314453125
2025-02-11T10:18:55.273042751Z,0.9761962890625
2025-02-11T10:18:55.690842653Z,0.9732666015625
2025-02-11T10:18:57.173000755Z,0.975341796875
2025-02-11T10:18:57.819833431Z,0.974609375
2025-02-11T10:18:59.163031051Z,0.9722900390625
2025-02-11T10:19:00.401073896Z,0.9730224609375
2025-02-11T10:19:01.023808776Z,0.97509765625
2025-02-11T10:19:02.445378982Z,0.9730224609375
2025-02-11T10:19:03.472057476Z,0.9703369140625
2025-02-11T10:19:04.489329987Z,0.9693603515625
2025-02-11T10:19:05.733061984Z,0.974609375
2025-02-11T10:19:06.772877617Z,0.9725341796875
2025-02-11T10:19:07.762953513Z,0.97265625
2025-02-11T10:19:09.003197663Z,0.9720458984375
2025-02-11T10:19:10.023038324Z,0.97314453125
2025-02-11T10:19:11.042672081Z,0.975341796875
2025-02-11T10:19:12.062839776Z,0.9752197265625
2025-02-11T10:19:13.103136047Z,0.9765625
2025-02-11T10:19:14.342884787Z,0.97412109375
2025-02-11T10:19:15.342852429Z,0.9757080078125
2025-02-11T10:19:16.372788017Z,0.9761962890625
2025-02-11T10:19:17.392913821Z,0.9761962890625
2025-02-11T10:19:18.623067315Z,0.9761962890625
2025-02-11T10:19:19.643202692Z,0.976318359375
2025-02-11T10:19:20.725015845Z,0.9722900390625
2025-02-11T10:19:21.692813101Z,0.9737548828125
2025-02-11T10:19:22.964930405Z,0.9735107421875
2025-02-11T10:19:23.951577658Z,0.9764404296875
2025-02-11T10:19:24.973204704Z,0.973876953125
2025-02-11T10:19:26.203197801Z,0.9766845703125
2025-02-11T10:19:27.222995921Z,0.973876953125
2025-02-11T10:19:28.260992026Z,0.974609375
2025-02-11T10:19:29.272792533Z,0.9754638671875
2025-02-11T10:19:30.552743242Z,0.966552734375
2025-02-11T10:19:31.522758259Z,0.974609375
2025-02-11T10:19:32.57189299Z,0.9693603515625
2025-02-11T10:19:33.582132847Z,0.9749755859375
2025-02-11T10:19:34.811278328Z,0.9761962890625
2025-02-11T10:19:35.832133543Z,0.9776611328125
2025-02-11T10:19:36.852044083Z,0.974853515625
2025-02-11T10:19:37.882063018Z,0.9769287109375
2025-02-11T10:19:39.102834753Z,0.9755859375
2025-02-11T10:19:39.779869802Z,1.5765380859375
2025-02-11T10:19:41.352880011Z,0.5904541015625
2025-02-11T10:19:41.981928054Z,-0.5123291015625
2025-02-11T10:19:43.653294398Z,-1.001220703125
2025-02-11T10:19:44.030309098Z,-1.4229736328125
2025-02-11T10:19:45.4431911Z,-0.75439453125
2025-02-11T10:19:46.681928533Z,0.43896484375
2025-02-11T10:19:47.71270972Z,0.53076171875
2025-02-11T10:19:48.982865289Z,0.533935546875
2025-02-11T10:19:49.561962374Z,0.53076171875
2025-02-11T10:19:51.012857649Z,0.53515625
2025-02-11T10:19:51.6617486Z,0.6397705078125
2025-02-11T10:19:53.031571097Z,0.6417236328125
2025-02-11T10:19:54.062792845Z,0.6346435546875
2025-02-11T10:19:55.502768693Z,0.64697265625
2025-02-11T10:19:56.111842882Z,0.650634765625
2025-02-11T10:19:57.543522674Z,0.6522216796875
2025-02-11T10:19:58.383052408Z,0.6490478515625
2025-02-11T10:19:59.600851735Z,0.64794921875
2025-02-11T10:20:00.643094481Z,0.7364501953125
2025-02-11T10:20:01.640860439Z,0.746337890625
2025-02-11T10:20:02.653230818Z,0.7325439453125
2025-02-11T10:20:04.112326152Z,0.7454833984375
2025-02-11T10:20:04.502891675Z,0.74658203125
2025-02-11T10:20:05.950809727Z,0.7459716796875
2025-02-11T10:20:06.952813111Z,0.7550048828125
2025-02-11T10:20:07.973121751Z,0.748046875
2025-02-11T10:20:09.202921199Z,0.7528076171875
2025-02-11T10:20:10.232965704Z,0.753173828125
2025-02-11T10:20:11.463159753Z,0.754150390625
2025-02-11T10:20:12.693262689Z,0.7547607421875
2025-02-11T10:20:13.312056734Z,0.7518310546875
2025-02-11T10:20:14.612989599Z,0.751220703125
2025-02-11T10:20:15.96318481Z,0.7550048828125
2025-02-11T10:20:16.392758785Z,0.818603515625
2025-02-11T10:20:17.803018602Z,0.824951171875
2025-02-11T10:20:19.042949311Z,0.8331298828125
2025-02-11T10:20:20.12285671Z,0.8367919921875
2025-02-11T10:20:20.700173774Z,0.8406982421875
2025-02-11T10:20:22.143236114Z,0.8477783203125
2025-02-11T10:20:23.133017994Z,0.8480224609375
2025-02-11T10:20:24.593233622Z,0.85009765625
2025-02-11T10:20:24.999957396Z,0.8507080078125
2025-02-11T10:20:26.413112647Z,0.864501953125
2025-02-11T10:20:27.693282013Z,0.8651123046875
2025-02-11T10:20:28.673147961Z,0.872314453125
2025-02-11T10:20:29.693411293Z,0.87158203125
2025-02-11T10:20:30.912822612Z,0.874267578125
2025-02-11T10:20:31.445522625Z,0.8753662109375
2025-02-11T10:20:32.723010547Z,0.8790283203125
2025-02-11T10:20:34.202040677Z,-1.3529052734375
2025-02-11T10:20:34.803400532Z,-2.0185546875
2025-02-11T10:20:36.182733813Z,0.482177734375
2025-02-11T10:20:36.782495111Z,-0.3790283203125
2025-02-11T10:20:38.293123964Z,-0.3983154296875
2025-02-11T10:20:38.95187892Z,-0.3812255859375
2025-02-11T10:20:40.36266931Z,-0.4134521484375
2025-02-11T10:20:41.353001408Z,-0.404296875
2025-02-11T10:20:42.593395887Z,-0.388671875
2025-02-11T10:20:43.612328967Z,-0.445068359375
2025-02-11T10:20:44.62804425Z,-0.4288330078125
2025-02-11T10:20:45.663007777Z,-0.407958984375
2025-02-11T10:20:46.672952248Z,-0.3115234375
2025-02-11T10:20:48.010069988Z,-0.5416259765625
2025-02-11T10:20:48.950877284Z,-0.507080078125
2025-02-11T10:20:49.973502016Z,-0.3575439453125
2025-02-11T10:20:51.191946558Z,-1.05615234375
2025-02-11T10:20:52.22318132Z,-0.9241943359375
2025-02-11T10:20:53.253039117Z,-0.53759765625
2025-02-11T10:20:54.563408133Z,0.6441650390625
2025-02-11T10:20:55.28296393Z,2.808349609375
2025-02-11T10:20:56.553115576Z,-0.965576171875
2025-02-11T10:20:57.553104269Z,-0.96875
2025-02-11T10:20:58.77320908Z,-0.9698486328125
2025-02-11T10:20:59.993355393Z,-1.0146484375
2025-02-11T10:21:00.451891829Z,0.226806640625
2025-02-11T10:21:01.841198511Z,0.822021484375
2025-02-11T10:21:02.863201842Z,-1.3753662109375
2025-02-11T10:21:04.112081081Z,0.9410400390625
2025-02-11T10:21:04.913097953Z,0.704345703125
2025-02-11T10:21:06.162756981Z,0.7957763671875
2025-02-11T10:21:07.162586978Z,0.7891845703125
2025-02-11T10:21:08.413981937Z,0.8829345703125
2025-02-11T10:21:09.423352877Z,0.89111328125
2025-02-11T10:21:10.443242153Z,0.89453125
2025-02-11T10:21:11.464143613Z,0.8955078125
2025-02-11T10:21:12.902490309Z,0.899169921875
2025-02-11T10:21:13.770759255Z,0.8997802734375
2025-02-11T10:21:14.573317438Z,0.91015625
2025-02-11T10:21:15.973025595Z,0.9017333984375
2025-02-11T10:21:17.01403194Z,0.9022216796875
2025-02-11T10:21:18.014088957Z,0.90185546875
2025-02-11T10:21:19.273568171Z,0.900146484375
2025-02-11T10:21:20.282938446Z,0.904296875
2025-02-11T10:21:21.55290781Z,0.9039306640625
2025-02-11T10:21:22.414201661Z,0.8980712890625
2025-02-11T10:21:23.342992942Z,0.90283203125
2025-02-11T10:21:24.573243586Z,0.9061279296875
2025-02-11T10:21:25.59305547Z,0.908203125
2025-02-11T10:21:26.823360147Z,0.906494140625
2025-02-11T10:21:27.642928571Z,0.902587890625
2025-02-11T10:21:28.873348586Z,0.9027099609375
2025-02-11T10:21:30.025110223Z,0.906005859375
2025-02-11T10:21:30.923190596Z,0.906005859375
2025-02-11T10:21:31.973169775Z,0.9053955078125
2025-02-11T10:21:33.162936162Z,0.8966064453125
2025-02-11T10:21:34.414319769Z,0.904296875
2025-02-11T10:21:35.222989836Z,0.9244384765625
2025-02-11T10:21:36.253328223Z,0.96044921875
2025-02-11T10:21:37.483077059Z,0.919189453125
2025-02-11T10:21:38.10189533Z,0.9039306640625
2025-02-11T10:21:39.532952165Z,0.90625
2025-02-11T10:21:40.762909114Z,0.906005859375
2025-02-11T10:21:41.782086111Z,0.9052734375
2025-02-11T10:21:42.873437036Z,0.9046630859375
2025-02-11T10:21:43.634171328Z,0.9085693359375
2025-02-11T10:21:45.05337355Z,0.9122314453125
2025-02-11T10:21:46.073383755Z,0.9085693359375
2025-02-11T10:21:47.103171914Z,0.912109375
2025-02-11T10:21:48.173870538Z,0.9005126953125
2025-02-11T10:21:49.1533229Z,0.91064453125
2025-02-11T10:21:50.614243789Z,0.903076171875
2025-02-11T10:21:51.403012982Z,0.907470703125
2025-02-11T10:21:52.423185617Z,0.9088134765625
2025-02-11T10:21:53.653485737Z,0.91259765625
2025-02-11T10:21:54.288410688Z,0.9114990234375
2025-02-11T10:21:55.742997293Z,0.9105224609375
2025-02-11T10:21:56.733063918Z,0.9058837890625
2025-02-11T10:21:57.953470276Z,0.9107666015625
2025-02-11T10:21:58.581611413Z,0.90771484375
2025-02-11T10:22:00.00305226Z,0.90966796875
2025-02-11T10:22:01.242983034Z,0.9083251953125
2025-02-11T10:22:01.861963501Z,0.9056396484375
2025-02-11T10:22:03.472950645Z,0.9085693359375
2025-02-11T10:22:04.302045286Z,0.9102783203125
2025-02-11T10:22:05.341825401Z,0.9071044921875
2025-02-11T10:22:06.553125724Z,0.906982421875
2025-02-11T10:22:07.573186077Z,0.909423828125
2025-02-11T10:22:08.652915845Z,0.90771484375
2025-02-11T10:22:09.822062433Z,0.8992919921875
2025-02-11T10:22:10.467239638Z,0.906494140625
2025-02-11T10:22:11.894707227Z,0.906982421875
2025-02-11T10:22:12.903144374Z,0.906982421875
2025-02-11T10:22:13.973261145Z,0.906005859375
2025-02-11T10:22:15.18324313Z,0.909423828125
2025-02-11T10:22:16.182862922Z,0.910400390625
2025-02-11T10:22:17.212019049Z,0.9056396484375
2025-02-11T10:22:18.243197431Z,0.9058837890625
2025-02-11T10:22:19.452049826Z,0.9090576171875
2025-02-11T10:22:20.693483777Z,0.9278564453125
2025-02-11T10:22:21.560779292Z,0.9027099609375
2025-02-11T10:22:22.983224481Z,0.905517578125
2025-02-11T10:22:23.342964844Z,0.9039306640625
2025-02-11T10:22:24.783960925Z,0.9078369140625
2025-02-11T10:22:25.672873247Z,0.9095458984375
2025-02-11T10:22:26.891856543Z,0.9071044921875
2025-02-11T10:22:28.062811525Z,0.90625
2025-02-11T10:22:28.689895318Z,0.9073486328125
2025-02-11T10:22:30.229906723Z,0.9063720703125
2025-02-11T10:22:31.133115981Z,0.9091796875
2025-02-11T10:22:32.373054532Z,0.90771484375
2025-02-11T10:22:33.383067674Z,0.9058837890625
2025-02-11T10:22:34.50289246Z,0.9088134765625
2025-02-11T10:22:35.642848294Z,-0.2412109375
2025-02-11T10:22:36.723104683Z,-0.14306640625
2025-02-11T10:22:37.683023883Z,-0.0777587890625
2025-02-11T10:22:38.752957843Z,-0.1051025390625
2025-02-11T10:22:39.742613861Z,0.501953125
2025-02-11T10:22:40.963156822Z,-1.2318115234375
2025-02-11T10:22:42.072792206Z,-0.6058349609375
2025-02-11T10:22:43.231353718Z,-0.2984619140625
2025-02-11T10:22:43.939870498Z,-0.44091796875
2025-02-11T10:22:45.373001257Z,-1.7154541015625
2025-02-11T10:22:46.494088516Z,-0.354736328125
2025-02-11T10:22:47.522835524Z,-0.369384765625
2025-02-11T10:22:48.543097511Z,-1.1170654296875
2025-02-11T10:22:49.373129077Z,-0.2135009765625
2025-02-11T10:22:50.591014444Z,-0.4266357421875
2025-02-11T10:22:51.61312777Z,-0.4700927734375
2025-02-11T10:22:53.053015094Z,-0.529052734375
2025-02-11T10:22:53.532224633Z,1.501220703125
2025-02-11T10:22:54.942757463Z,-0.3927001953125
2025-02-11T10:22:56.16183261Z,0.69189453125
2025-02-11T10:22:56.742388681Z,0.7161865234375
2025-02-11T10:22:58.181853689Z,0.732421875
2025-02-11T10:22:59.230162165Z,0.739013671875
2025-02-11T10:23:00.432698112Z,0.79248046875
2025-02-11T10:23:01.652897218Z,0.829345703125
2025-02-11T10:23:02.159841092Z,1.3671875
2025-02-11T10:23:03.492911554Z,0.2276611328125
2025-02-11T10:23:04.52989976Z,0.233154296875
2025-02-11T10:23:05.743100307Z,-1.9630126953125
2025-02-11T10:23:06.7631802Z,1.7984619140625
2025-02-11T10:23:07.792383547Z,0.8427734375
2025-02-11T10:23:08.842983954Z,0.99560546875
2025-02-11T10:23:10.043092637Z,0.9991455078125
2025-02-11T10:23:10.672096363Z,0.9873046875
2025-02-11T10:23:12.16185444Z,0.99267578125
2025-02-11T10:23:12.950271912Z,0.9918212890625
2025-02-11T10:23:14.392399879Z,1.0361328125
2025-02-11T10:23:15.382171613Z,1.017333984375
2025-02-11T10:23:16.603264897Z,0.700439453125
2025-02-11T10:23:17.532919779Z,0.0247802734375
2025-02-11T10:23:18.752701589Z,1.1514892578125
2025-02-11T10:23:19.272261337Z,0.914794921875
2025-02-11T10:23:20.942316853Z,0.816650390625
2025-02-11T10:23:21.723079528Z,1.0928955078125
2025-02-11T10:23:22.793179863Z,0.8697509765625
2025-02-11T10:23:23.973064974Z,1.0574951171875
2025-02-11T10:23:25.202899435Z,0.9677734375
2025-02-11T10:23:26.444166992Z,0.990478515625
2025-02-11T10:23:26.872265836Z,1.00732421875
2025-02-11T10:23:28.481787853Z,1.0167236328125
2025-02-11T10:23:29.533013449Z,1.0150146484375
2025-02-11T10:23:30.330409717Z,1.0189208984375
2025-02-11T10:23:31.553399873Z,1.02001953125
2025-02-11T10:23:32.573033409Z,1.0169677734375
2025-02-11T10:23:33.593076442Z,1.0189208984375
2025-02-11T10:23:34.439867884Z,1.0367431640625
2025-02-11T10:23:35.883083432Z,1.02197265625
2025-02-11T10:23:36.893204692Z,1.022705078125
2025-02-11T10:23:38.112799127Z,1.02001953125
2025-02-11T10:23:38.730055003Z,1.019775390625
2025-02-11T10:23:40.15310049Z,1.0230712890625
2025-02-11T10:23:41.183050784Z,0.9700927734375
2025-02-11T10:23:42.203171237Z,-0.374267578125
2025-02-11T10:23:43.450426617Z,1.3299560546875
2025-02-11T10:23:44.452112509Z,0.231201171875
2025-02-11T10:23:45.893404744Z,0.1719970703125
2025-02-11T10:23:46.933560049Z,2.398681640625
2025-02-11T10:23:47.322057935Z,1.6768798828125
2025-02-11T10:23:48.982821678Z,0.2178955078125
2025-02-11T10:23:49.572306795Z,0.981689453125
2025-02-11T10:23:50.792881641Z,1.004150390625
2025-02-11T10:23:52.031906679Z,1.013427734375
2025-02-11T10:23:53.066017997Z,1.01416015625
2025-02-11T10:23:54.172019953Z,1.0152587890625
2025-02-11T10:23:54.790088119Z,1.0166015625
2025-02-11T10:23:56.182227675Z,1.0157470703125
2025-02-11T10:23:57.382120494Z,1.017578125
2025-02-11T10:23:58.5728779Z,1.0174560546875
2025-02-11T10:23:59.402359536Z,1.0172119140625
2025-02-11T10:24:00.840308063Z,1.0166015625
2025-02-11T10:24:01.452171197Z,1.017578125
2025-02-11T10:24:02.682247469Z,1.017578125
2025-02-11T10:24:04.172069567Z,1.0169677734375
2025-02-11T10:24:04.74953674Z,1.0177001953125
2025-02-11T10:24:06.181942087Z,1.0186767578125
2025-02-11T10:24:06.992273644Z,1.0152587890625
2025-02-11T10:24:08.221963679Z,1.0189208984375
2025-02-11T10:24:09.2402657Z,1.0125732421875
2025-02-11T10:24:09.909886775Z,1.01806640625
2025-02-11T10:24:11.482013918Z,1.0164794921875
2025-02-11T10:24:12.741932745Z,1.017578125
2025-02-11T10:24:13.350425302Z,1.016357421875
2025-02-11T10:24:14.563074235Z,1.0184326171875
2025-02-11T10:24:15.46205335Z,1.0186767578125
2025-02-11T10:24:16.819699184Z,1.0172119140625
2025-02-11T10:24:17.63970346Z,1.01904296875
2025-02-11T10:24:19.052842485Z,1.027099609375
2025-02-11T10:24:20.102061593Z,1.0184326171875
2025-02-11T10:24:20.722141222Z,1.01904296875
2025-02-11T10:24:22.239975836Z,1.0140380859375
2025-02-11T10:24:23.163243907Z,1.022216796875
2025-02-11T10:24:24.233233747Z,1.02001953125
2025-02-11T10:24:25.230271685Z,1.0177001953125
2025-02-11T10:24:26.443386657Z,1.0179443359375
2025-02-11T10:24:27.670144155Z,1.0174560546875
2025-02-11T10:24:28.492973042Z,1.021728515625
2025-02-11T10:24:29.760390241Z,1.01904296875
2025-02-11T10:24:30.349799216Z,1.0179443359375
2025-02-11T10:24:32.052933778Z,1.021728515625
2025-02-11T10:24:32.601939452Z,1.0194091796875
2025-02-11T10:24:34.013067548Z,1.01904296875
2025-02-11T10:24:35.042025834Z,1.0191650390625
2025-02-11T10:24:36.261977392Z,1.0194091796875
2025-02-11T10:24:37.312965279Z,1.019287109375
2025-02-11T10:24:38.341954475Z,1.0213623046875
2025-02-11T10:24:39.350083362Z,1.017333984375
2025-02-11T10:24:40.362182278Z,1.0206298828125
2025-02-11T10:24:41.393061117Z,1.0267333984375
2025-02-11T10:24:42.753204316Z,1.009033203125
2025-02-11T10:24:43.450294184Z,1.0203857421875
2025-02-11T10:24:45.133284624Z,1.0205078125
2025-02-11T10:24:45.522963228Z,1.0218505859375
2025-02-11T10:24:46.923186107Z,1.02001953125
2025-02-11T10:24:47.944056542Z,1.0194091796875
2025-02-11T10:24:48.962812093Z,1.0189208984375
2025-02-11T10:24:49.991129949Z,1.0162353515625
2025-02-11T10:24:51.423036224Z,0.882568359375
2025-02-11T10:24:51.882600359Z,0.9569091796875
2025-02-11T10:24:53.2621763Z,0.962158203125
2025-02-11T10:24:54.514090288Z,0.9700927734375
2025-02-11T10:24:55.530116775Z,0.9698486328125
2025-02-11T10:24:56.553088573Z,0.969970703125
2025-02-11T10:24:57.713062844Z,0.9686279296875
2025-02-11T10:24:58.813185771Z,0.9700927734375
2025-02-11T10:24:59.414039998Z,0.971435546875
2025-02-11T10:25:00.832956354Z,0.97216796875
2025-02-11T10:25:01.863179972Z,0.9713134765625
2025-02-11T10:25:03.343133081Z,0.9722900390625
2025-02-11T10:25:03.96983839Z,0.9713134765625
2025-02-11T10:25:05.562113614Z,0.971435546875
2025-02-11T10:25:06.172957956Z,0.97119140625
2025-02-11T10:25:07.413330147Z,0.9742431640625
2025-02-11T10:25:08.823270593Z,0.9727783203125
2025-02-11T10:25:09.242960799Z,0.974365234375
2025-02-11T10:25:10.473165665Z,0.9720458984375
2025-02-11T10:25:11.493488014Z,0.972900390625
2025-02-11T10:25:12.72914368Z,0.973388671875
2025-02-11T10:25:13.802773926Z,0.7249755859375
2025-02-11T10:25:14.786098936Z,0.1416015625
2025-02-11T10:25:16.003255261Z,0.419189453125
2025-02-11T10:25:16.622040471Z,0.4088134765625
2025-02-11T10:25:18.060294488Z,-0.3760986328125
2025-02-11T10:25:19.062974484Z,-1.673828125
2025-02-11T10:25:20.499942074Z,0.5377197265625
2025-02-11T10:25:21.127975222Z,-0.733154296875
2025-02-11T10:25:22.353199775Z,0.026611328125
2025-02-11T10:25:23.373031893Z,-0.9986572265625
2025-02-11T10:25:24.601854276Z,2.1123046875
2025-02-11T10:25:25.633108772Z,0.00146484375
2025-02-11T10:25:26.653590938Z,0.0750732421875
2025-02-11T10:25:27.672801302Z,1.1944580078125
2025-02-11T10:25:28.903104675Z,-0.910888671875
2025-02-11T10:25:30.123165923Z,-0.535400390625
2025-02-11T10:25:30.952270218Z,1.7265625
2025-02-11T10:25:32.183220612Z,0.8284912109375
2025-02-11T10:25:33.213128973Z,-0.7783203125
2025-02-11T10:25:34.233118066Z,0.5267333984375
2025-02-11T10:25:35.061992143Z,0.21923828125
2025-02-11T10:25:36.473262581Z,-0.25439453125
2025-02-11T10:25:37.563275903Z,-0.2818603515625
2025-02-11T10:25:38.783189267Z,-0.8604736328125
2025-02-11T10:25:39.56312746Z,0.2281494140625
2025-02-11T10:25:40.573245794Z,-1.1004638671875
2025-02-11T10:25:41.794170807Z,2.2969970703125
2025-02-11T10:25:42.822357211Z,0.4591064453125
2025-02-11T10:25:44.263065351Z,1.2073974609375
2025-02-11T10:25:44.89013926Z,1.4700927734375
2025-02-11T10:25:46.123184842Z,1.154052734375
2025-02-11T10:25:46.790182997Z,-0.140380859375
2025-02-11T10:25:48.369850018Z,0.2169189453125
2025-02-11T10:25:48.982535691Z,0.5897216796875
2025-02-11T10:25:50.421632188Z,0.1123046875
2025-02-11T10:25:51.633429487Z,0.5858154296875
2025-02-11T10:25:52.252989989Z,-0.446533203125
2025-02-11T10:25:53.893069932Z,0.1268310546875
2025-02-11T10:25:54.512255946Z,0.077392578125
2025-02-11T10:25:56.143156005Z,-0.6611328125
2025-02-11T10:25:56.780265854Z,0.8475341796875
2025-02-11T10:25:57.983408594Z,-0.2509765625
2025-02-11T10:25:58.611857358Z,1.134033203125
2025-02-11T10:26:00.253662109Z,-1.4256591796875
2025-02-11T10:26:00.863991192Z,1.232421875
2025-02-11T10:26:02.293952451Z,-1.076416015625
2025-02-11T10:26:03.343079145Z,-0.16748046875
2025-02-11T10:26:04.333359965Z,-1.3372802734375
2025-02-11T10:26:05.372580773Z,-1.1156005859375
2025-02-11T10:26:06.582960697Z,-0.592041015625
2025-02-11T10:26:08.432578056Z,-0.2987060546875
2025-02-11T10:26:08.435047144Z,0.035400390625
2025-02-11T10:26:09.663987344Z,-0.51123046875
2025-02-11T10:26:11.102713538Z,-0.6751708984375
2025-02-11T10:26:11.760983146Z,0.0509033203125
2025-02-11T10:26:12.953121749Z,-0.0179443359375
2025-02-11T10:26:13.773093533Z,0.22607421875
2025-02-11T10:26:15.191197265Z,1.6883544921875
2025-02-11T10:26:16.020358249Z,-1.2335205078125
2025-02-11T10:26:17.223190131Z,-1.1435546875
2025-02-11T10:26:18.472142226Z,0.2154541015625
2025-02-11T10:26:19.083969029Z,-0.489990234375
2025-02-11T10:26:20.512985836Z,-0.011474609375
2025-02-11T10:26:21.57273565Z,0.7293701171875
2025-02-11T10:26:22.800884617Z,-0.152587890625
2025-02-11T10:26:23.38407296Z,-0.63525390625
2025-02-11T10:26:24.803045389Z,-0.160400390625
2025-02-11T10:26:26.043130588Z,-1.332275390625
2025-02-11T10:26:27.063114952Z,1.811279296875
2025-02-11T10:26:28.10326497Z,-0.0789794921875
2025-02-11T10:26:29.362934787Z,0.36279296875
2025-02-11T10:26:29.996334339Z,0.127685546875
2025-02-11T10:26:31.374301747Z,0.0859375
2025-02-11T10:26:32.388379992Z,0.4466552734375
2025-02-11T10:26:33.618381949Z,0.2137451171875
2025-02-11T10:26:34.648180515Z,0.0960693359375
2025-02-11T10:26:35.268149787Z,0.2425537109375
2025-02-11T10:26:36.908506268Z,-0.0992431640625
2025-02-11T10:26:37.556246067Z,-0.054931640625
2025-02-11T10:26:38.968159452Z,-0.100341796875
2025-02-11T10:26:39.788215711Z,0.0142822265625
2025-02-11T10:26:40.988147432Z,0.392578125
2025-02-11T10:26:42.018122925Z,1.7772216796875
2025-02-11T10:26:43.038258715Z,0.156494140625
2025-02-11T10:26:44.268164716Z,2.3216552734375
2025-02-11T10:26:45.49860429Z,-0.739013671875
2025-02-11T10:26:46.318200141Z,-1.1490478515625
2025-02-11T10:26:47.368321152Z,1.5673828125
2025-02-11T10:26:48.767950921Z,-0.1138916015625
2025-02-11T10:26:49.388020992Z,-1.40869140625
2025-02-11T10:26:51.038483806Z,-0.3206787109375
2025-02-11T10:26:51.6561037Z,1.590576171875
2025-02-11T10:26:52.857976557Z,-1.5128173828125
2025-02-11T10:26:53.898146458Z,-1.7091064453125
2025-02-11T10:26:55.168909814Z,-0.052490234375
2025-02-11T10:26:55.938343906Z,-1.1541748046875
2025-02-11T10:26:57.388362565Z,-0.0062255859375
2025-02-11T10:26:57.988824941Z,1.1728515625
2025-02-11T10:26:59.216319751Z,-0.4449462890625
2025-02-11T10:27:00.65856791Z,1.9840087890625
2025-02-11T10:27:01.276039591Z,2.5533447265625
2025-02-11T10:27:02.708288234Z,1.5596923828125
2025-02-11T10:27:03.72819065Z,-0.651611328125
2025-02-11T10:27:04.336332606Z,1.8370361328125
2025-02-11T10:27:06.389088275Z,-0.4615478515625
2025-02-11T10:27:07.016168603Z,-0.0709228515625
2025-02-11T10:27:07.818501208Z,-0.74951171875
2025-02-11T10:27:09.258176682Z,-0.7415771484375
2025-02-11T10:27:09.668456294Z,1.107177734375
2025-02-11T10:27:11.535817672Z,1.9041748046875
2025-02-11T10:27:11.958271332Z,1.098388671875
2025-02-11T10:27:13.358184652Z,2.020263671875
2025-02-11T10:27:13.976263208Z,0.41357421875
2025-02-11T10:27:15.608873881Z,-0.0198974609375
2025-02-11T10:27:16.418164356Z,-0.559814453125
2025-02-11T10:27:18.074162177Z,0.174560546875
2025-02-11T10:27:18.508569875Z,1.4228515625
2025-02-11T10:27:19.6981859Z,1.883544921875
2025-02-11T10:27:20.928214586Z,0.8038330078125
2025-02-11T10:27:22.028289389Z,-0.45947265625
2025-02-11T10:27:23.18846235Z,0.0921630859375
2025-02-11T10:27:23.998405479Z,-0.1434326171875
2025-02-11T10:27:25.246419508Z,-0.162109375
2025-02-11T10:27:25.847066905Z,-0.3636474609375
2025-02-11T10:27:27.478122947Z,0.258056640625
2025-02-11T10:27:28.298300629Z,0.62158203125
2025-02-11T10:27:29.758252644Z,1.1240234375
2025-02-11T10:27:30.35643731Z,1.40576171875
2025-02-11T10:27:31.57845707Z,-0.319580078125
2025-02-11T10:27:32.608642361Z,0.0716552734375
2025-02-11T10:27:33.828563106Z,-1.031982421875
2025-02-11T10:27:34.858562533Z,0.7113037109375
2025-02-11T10:27:36.306165145Z,-0.10302734375
2025-02-11T10:27:36.698400411Z,1.6844482421875
2025-02-11T10:27:38.388328158Z,-0.5264892578125
2025-02-11T10:27:38.746116816Z,0.3155517578125
2025-02-11T10:27:40.178682244Z,1.143310546875
2025-02-11T10:27:41.197753744Z,1.727294921875
2025-02-11T10:27:42.508214901Z,1.0498046875
2025-02-11T10:27:43.458432353Z,1.015625
2025-02-11T10:27:44.68912909Z,1.0128173828125
2025-02-11T10:27:45.296109238Z,1.011962890625
2025-02-11T10:27:46.784066114Z,1.0133056640625
2025-02-11T10:27:47.748133568Z,1.0150146484375
2025-02-11T10:27:48.826210274Z,1.0126953125
2025-02-11T10:27:49.908225033Z,1.012451171875
2025-02-11T10:27:51.038045019Z,1.0120849609375
2025-02-11T10:27:52.12944524Z,1.0042724609375
2025-02-11T10:27:53.087153384Z,1.01123046875
2025-02-11T10:27:54.339120584Z,1.01171875
2025-02-11T10:27:55.439250432Z,1.023193359375
2025-02-11T10:27:56.359367398Z,1.0023193359375
2025-02-11T10:27:57.51700376Z,1.008544921875
2025-02-11T10:27:58.457034785Z,1.0096435546875
2025-02-11T10:27:59.62894872Z,1.0115966796875
2025-02-11T10:28:00.667582124Z,1.0166015625
2025-02-11T10:28:01.679494403Z,1.00927734375
2025-02-11T10:28:02.909267151Z,1.0003662109375
2025-02-11T10:28:04.039097253Z,1.0098876953125
2025-02-11T10:28:04.967782244Z,0.97509765625
2025-02-11T10:28:05.979460927Z,1.0106201171875
2025-02-11T10:28:07.209054711Z,1.010986328125
2025-02-11T10:28:08.259080869Z,1.0106201171875
2025-02-11T10:28:09.329060018Z,1.0081787109375
2025-02-11T10:28:10.329041459Z,1.0098876953125
2025-02-11T10:28:11.519067507Z,1.01318359375
2025-02-11T10:28:12.739304121Z,1.0084228515625
2025-02-11T10:28:13.558480005Z,1.010498046875
2025-02-11T10:28:14.998857089Z,1.0098876953125
2025-02-11T10:28:15.608667109Z,1.0101318359375
2025-02-11T10:28:16.83907259Z,1.0093994140625
2025-02-11T10:28:17.84917902Z,1.0091552734375
2025-02-11T10:28:19.089057239Z,1.0108642578125
2025-02-11T10:28:20.368989391Z,1.0048828125
2025-02-11T10:28:21.149064275Z,1.0101318359375
2025-02-11T10:28:22.409159413Z,1.009033203125
2025-02-11T10:28:23.398975105Z,1.005615234375
2025-02-11T10:28:24.459508796Z,1.0084228515625
2025-02-11T10:28:25.249114023Z,1.0140380859375
2025-02-11T10:28:26.4694845Z,1.0133056640625
2025-02-11T10:28:27.729265808Z,1.0125732421875
2025-02-11T10:28:28.36896737Z,1.0067138671875
2025-02-11T10:28:29.949040431Z,1.01220703125
2025-02-11T10:28:30.759076662Z,1.010986328125
2025-02-11T10:28:31.779005572Z,1.0093994140625
2025-02-11T10:28:33.229186414Z,1.010498046875
2025-02-11T10:28:33.848948566Z,1.0086669921875
2025-02-11T10:28:35.272802932Z,1.00390625
2025-02-11T10:28:36.37711153Z,0.9893798828125
2025-02-11T10:28:37.369025322Z,1.0196533203125
2025-02-11T10:28:38.339080896Z,0.984375
2025-02-11T10:28:39.679026308Z,0.997802734375
2025-02-11T10:28:40.217100019Z,0.95947265625
2025-02-11T10:28:41.630013598Z,1.0137939453125
2025-02-11T10:28:42.848901804Z,0.9830322265625
2025-02-11T10:28:43.345128647Z,0.9908447265625
2025-02-11T10:28:44.899199699Z,1.0126953125
2025-02-11T10:28:45.919084853Z,1.007568359375
2025-02-11T10:28:46.949028423Z,1.0115966796875
2025-02-11T10:28:47.968946549Z,1.0113525390625
2025-02-11T10:28:49.209291238Z,-0.3165283203125
2025-02-11T10:28:50.429099044Z,1.004150390625
2025-02-11T10:28:51.049252495Z,1.0089111328125
2025-02-11T10:28:52.269163445Z,1.003173828125
2025-02-11T10:28:53.299196657Z,0.9935302734375
2025-02-11T10:28:54.533136897Z,1.0107421875
2025-02-11T10:28:55.958124966Z,1.0062255859375
2025-02-11T10:28:56.372842469Z,1.0081787109375
2025-02-11T10:28:57.798013372Z,1.0079345703125
2025-02-11T10:28:58.883056028Z,1.0072021484375
2025-02-11T10:29:00.046938764Z,1.01025390625
2025-02-11T10:29:00.879002454Z,1.00537109375
2025-02-11T10:29:02.317449384Z,1.0079345703125
2025-02-11T10:29:02.936898292Z,1.01171875
2025-02-11T10:29:04.149235068Z,1.0054931640625
2025-02-11T10:29:05.379512943Z,1.04736328125
2025-02-11T10:29:06.199068086Z,1.0113525390625
2025-02-11T10:29:07.439342893Z,1.0107421875
2025-02-11T10:29:08.449281208Z,1.01220703125
2025-02-11T10:29:09.469157479Z,1.0115966796875
2025-02-11T10:29:10.717295096Z,1.0106201171875
2025-02-11T10:29:11.719072575Z,1.0106201171875
2025-02-11T10:29:12.749224845Z,1.0157470703125
2025-02-11T10:29:14.389000056Z,1.011962890625
2025-02-11T10:29:15.017963389Z,1.0103759765625
2025-02-11T10:29:15.617093276Z,1.0130615234375
2025-02-11T10:29:17.469251035Z,1.012451171875
2025-02-11T10:29:17.899277251Z,1.0096435546875
2025-02-11T10:29:19.35503646Z,1.01123046875
2025-02-11T10:29:19.937311311Z,1.0123291015625
2025-02-11T10:29:21.348933647Z,1.0126953125
2025-02-11T10:29:22.787184963Z,1.015869140625
2025-02-11T10:29:23.208919065Z,1.0263671875
2025-02-11T10:29:24.628994246Z,1.0184326171875
2025-02-11T10:29:25.456682307Z,1.0191650390625
2025-02-11T10:29:26.879061549Z,1.0203857421875
2025-02-11T10:29:27.907063927Z,1.0260009765625
2025-02-11T10:29:29.119983493Z,1.0185546875
2025-02-11T10:29:29.950289934Z,1.0167236328125
2025-02-11T10:29:31.179072921Z,1.0225830078125
2025-02-11T10:29:31.79909683Z,1.02197265625
2025-02-11T10:29:33.228893204Z,1.0238037109375
2025-02-11T10:29:34.249184471Z,1.0213623046875
2025-02-11T10:29:35.546942711Z,1.0220947265625
2025-02-11T10:29:36.168628322Z,1.01904296875
2025-02-11T10:29:37.749098966Z,1.0198974609375
2025-02-11T10:29:38.549296836Z,1.02099609375
2025-02-11T10:29:39.779317413Z,1.021484375
2025-02-11T10:29:40.798917318Z,1.0211181640625
2025-02-11T10:29:41.860481637Z,1.021484375
2025-02-11T10:29:42.849048752Z,1.0223388671875
2025-02-11T10:29:44.079173943Z,1.02294921875
2025-02-11T10:29:45.186983172Z,1.0224609375
2025-02-11T10:29:45.945095057Z,1.0228271484375
2025-02-11T10:29:47.159261526Z,1.021728515625
2025-02-11T10:29:48.179079807Z,1.0223388671875
2025-02-11T10:29:49.409443123Z,1.020751953125
2025-02-11T10:29:50.429252845Z,1.0218505859375
2025-02-11T10:29:51.677222069Z,1.028076171875
2025-02-11T10:29:52.345191805Z,1.0235595703125
2025-02-11T10:29:53.708849744Z,1.0228271484375
2025-02-11T10:29:54.729307638Z,1.0216064453125
2025-02-11T10:29:55.759185105Z,1.0233154296875
2025-02-11T10:29:57.11894961Z,1.0208740234375
2025-02-11T10:29:57.600207853Z,1.022216796875
